state,constituency,mp_name,allocated_amount,house,source_file,election_type
Madhya Pradesh,Constituency_1,MP_Name_1,22753604,Lok Sabha,Allocated Limit for Honble MPs_2024.csv,
Uttar Pradesh,Constituency_2,MP_Name_2,21091596,Lok Sabha,Allocated Limit for Honble MPs_2024.csv,
Karnataka,Constituency_3,MP_Name_3,31923780,Lok Sabha,Allocated Limit for Honble MPs_2024.csv,
Delhi,Constituency_4,MP_Name_4,46172788,Lok Sabha,Allocated Limit for Honble MPs_2024.csv,
Karnataka,Constituency_5,MP_Name_5,34006474,Lok Sabha,Allocated Limit for Honble MPs_2024.csv,
West Bengal,Constituency_6,MP_Name_6,26474525,Lok Sabha,Allocated Limit for Honble MPs_2024.csv,
Madhya Pradesh,Constituency_7,MP_Name_7,48100202,Lok Sabha,Allocated Limit for Honble MPs_2024.csv,
Maharashtra,Constituency_8,MP_Name_8,33936416,Lok Sabha,Allocated Limit for Honble MPs_2024.csv,
Delhi,Constituency_9,MP_Name_9,28269713,Lok Sabha,Allocated Limit for Honble MPs_2024.csv,
Delhi,Constituency_10,MP_Name_10,41542690,Lok Sabha,Allocated Limit for Honble MPs_2024.csv,
Madhya Pradesh,Constituency_11,MP_Name_11,26062239,Lok Sabha,Allocated Limit for Honble MPs_2024.csv,
Delhi,Constituency_12,MP_Name_12,26277694,Lok Sabha,Allocated Limit for Honble MPs_2024.csv,
Madhya Pradesh,Constituency_13,MP_Name_13,21633593,Lok Sabha,Allocated Limit for Honble MPs_2024.csv,
Uttar Pradesh,Constituency_14,MP_Name_14,27731350,Lok Sabha,Allocated Limit for Honble MPs_2024.csv,
West Bengal,Constituency_15,MP_Name_15,33974691,Lok Sabha,Allocated Limit for Honble MPs_2024.csv,
Uttar Pradesh,Constituency_16,MP_Name_16,34487943,Lok Sabha,Allocated Limit for Honble MPs_2024.csv,
West Bengal,Constituency_17,MP_Name_17,44158209,Lok Sabha,Allocated Limit for Honble MPs_2024.csv,
West Bengal,Constituency_18,MP_Name_18,39365538,Lok Sabha,Allocated Limit for Honble MPs_2024.csv,
Karnataka,Constituency_19,MP_Name_19,30457426,Lok Sabha,Allocated Limit for Honble MPs_2024.csv,
Tamil Nadu,Constituency_20,MP_Name_20,35319526,Lok Sabha,Allocated Limit for Honble MPs_2024.csv,
Madhya Pradesh,Constituency_21,MP_Name_21,22708754,Lok Sabha,Allocated Limit for Honble MPs_2024.csv,
Gujarat,Constituency_22,MP_Name_22,41801766,Lok Sabha,Allocated Limit for Honble MPs_2024.csv,
Maharashtra,Constituency_23,MP_Name_23,25971882,Lok Sabha,Allocated Limit for Honble MPs_2024.csv,
Karnataka,Constituency_24,MP_Name_24,23505632,Lok Sabha,Allocated Limit for Honble MPs_2024.csv,
Gujarat,Constituency_25,MP_Name_25,21029569,Lok Sabha,Allocated Limit for Honble MPs_2024.csv,
Rajasthan,Constituency_26,MP_Name_26,37034232,Lok Sabha,Allocated Limit for Honble MPs_2024.csv,
Gujarat,Constituency_27,MP_Name_27,45300810,Lok Sabha,Allocated Limit for Honble MPs_2024.csv,
Bihar,Constituency_28,MP_Name_28,41087130,Lok Sabha,Allocated Limit for Honble MPs_2024.csv,
Tamil Nadu,Constituency_29,MP_Name_29,20205315,Lok Sabha,Allocated Limit for Honble MPs_2024.csv,
Maharashtra,Constituency_30,MP_Name_30,39952796,Lok Sabha,Allocated Limit for Honble MPs_2024.csv,
Delhi,Constituency_31,MP_Name_31,34178634,Lok Sabha,Allocated Limit for Honble MPs_2024.csv,
Tamil Nadu,Constituency_32,MP_Name_32,20240197,Lok Sabha,Allocated Limit for Honble MPs_2024.csv,
Tamil Nadu,Constituency_33,MP_Name_33,47718845,Lok Sabha,Allocated Limit for Honble MPs_2024.csv,
Rajasthan,Constituency_34,MP_Name_34,27813825,Lok Sabha,Allocated Limit for Honble MPs_2024.csv,
Rajasthan,Constituency_35,MP_Name_35,47624596,Lok Sabha,Allocated Limit for Honble MPs_2024.csv,
West Bengal,Constituency_36,MP_Name_36,41607479,Lok Sabha,Allocated Limit for Honble MPs_2024.csv,
Karnataka,Constituency_37,MP_Name_37,37766465,Lok Sabha,Allocated Limit for Honble MPs_2024.csv,
Tamil Nadu,Constituency_38,MP_Name_38,20772148,Lok Sabha,Allocated Limit for Honble MPs_2024.csv,
Gujarat,Constituency_39,MP_Name_39,38892800,Lok Sabha,Allocated Limit for Honble MPs_2024.csv,
Maharashtra,Constituency_40,MP_Name_40,49741129,Lok Sabha,Allocated Limit for Honble MPs_2024.csv,
Bihar,Constituency_41,MP_Name_41,27879418,Lok Sabha,Allocated Limit for Honble MPs_2024.csv,
Karnataka,Constituency_42,MP_Name_42,30357181,Lok Sabha,Allocated Limit for Honble MPs_2024.csv,
Tamil Nadu,Constituency_43,MP_Name_43,32015930,Lok Sabha,Allocated Limit for Honble MPs_2024.csv,
West Bengal,Constituency_44,MP_Name_44,37980008,Lok Sabha,Allocated Limit for Honble MPs_2024.csv,
Uttar Pradesh,Constituency_45,MP_Name_45,32941349,Lok Sabha,Allocated Limit for Honble MPs_2024.csv,
Bihar,Constituency_46,MP_Name_46,43711138,Lok Sabha,Allocated Limit for Honble MPs_2024.csv,
Madhya Pradesh,Constituency_47,MP_Name_47,21618558,Lok Sabha,Allocated Limit for Honble MPs_2024.csv,
Rajasthan,Constituency_48,MP_Name_48,21470570,Lok Sabha,Allocated Limit for Honble MPs_2024.csv,
Maharashtra,Constituency_49,MP_Name_49,23032861,Lok Sabha,Allocated Limit for Honble MPs_2024.csv,
Madhya Pradesh,Constituency_50,MP_Name_50,34832230,Lok Sabha,Allocated Limit for Honble MPs_2024.csv,
Delhi,Constituency_51,MP_Name_51,32869657,Lok Sabha,Allocated Limit for Honble MPs_2024.csv,
Uttar Pradesh,Constituency_52,MP_Name_52,21394722,Lok Sabha,Allocated Limit for Honble MPs_2024.csv,
Karnataka,Constituency_53,MP_Name_53,25366000,Lok Sabha,Allocated Limit for Honble MPs_2024.csv,
Gujarat,Constituency_54,MP_Name_54,24995004,Lok Sabha,Allocated Limit for Honble MPs_2024.csv,
Madhya Pradesh,Constituency_55,MP_Name_55,24691310,Lok Sabha,Allocated Limit for Honble MPs_2024.csv,
Tamil Nadu,Constituency_56,MP_Name_56,32200231,Lok Sabha,Allocated Limit for Honble MPs_2024.csv,
Tamil Nadu,Constituency_57,MP_Name_57,46226014,Lok Sabha,Allocated Limit for Honble MPs_2024.csv,
Maharashtra,Constituency_58,MP_Name_58,49922521,Lok Sabha,Allocated Limit for Honble MPs_2024.csv,
Delhi,Constituency_59,MP_Name_59,41338914,Lok Sabha,Allocated Limit for Honble MPs_2024.csv,
Karnataka,Constituency_60,MP_Name_60,42038651,Lok Sabha,Allocated Limit for Honble MPs_2024.csv,
Delhi,Constituency_61,MP_Name_61,44260079,Lok Sabha,Allocated Limit for Honble MPs_2024.csv,
Delhi,Constituency_62,MP_Name_62,48299697,Lok Sabha,Allocated Limit for Honble MPs_2024.csv,
Rajasthan,Constituency_63,MP_Name_63,21492906,Lok Sabha,Allocated Limit for Honble MPs_2024.csv,
Delhi,Constituency_64,MP_Name_64,29732225,Lok Sabha,Allocated Limit for Honble MPs_2024.csv,
Bihar,Constituency_65,MP_Name_65,41916394,Lok Sabha,Allocated Limit for Honble MPs_2024.csv,
Rajasthan,Constituency_66,MP_Name_66,43424761,Lok Sabha,Allocated Limit for Honble MPs_2024.csv,
Delhi,Constituency_67,MP_Name_67,47863423,Lok Sabha,Allocated Limit for Honble MPs_2024.csv,
Gujarat,Constituency_68,MP_Name_68,28037300,Lok Sabha,Allocated Limit for Honble MPs_2024.csv,
Bihar,Constituency_69,MP_Name_69,34902710,Lok Sabha,Allocated Limit for Honble MPs_2024.csv,
Tamil Nadu,Constituency_70,MP_Name_70,28930580,Lok Sabha,Allocated Limit for Honble MPs_2024.csv,
Karnataka,Constituency_71,MP_Name_71,30134930,Lok Sabha,Allocated Limit for Honble MPs_2024.csv,
West Bengal,Constituency_72,MP_Name_72,32200397,Lok Sabha,Allocated Limit for Honble MPs_2024.csv,
Uttar Pradesh,Constituency_73,MP_Name_73,23587833,Lok Sabha,Allocated Limit for Honble MPs_2024.csv,
Rajasthan,Constituency_74,MP_Name_74,30164650,Lok Sabha,Allocated Limit for Honble MPs_2024.csv,
Tamil Nadu,Constituency_75,MP_Name_75,21012284,Lok Sabha,Allocated Limit for Honble MPs_2024.csv,
Madhya Pradesh,Constituency_76,MP_Name_76,44123854,Lok Sabha,Allocated Limit for Honble MPs_2024.csv,
Tamil Nadu,Constituency_77,MP_Name_77,38621260,Lok Sabha,Allocated Limit for Honble MPs_2024.csv,
Uttar Pradesh,Constituency_78,MP_Name_78,22728564,Lok Sabha,Allocated Limit for Honble MPs_2024.csv,
Delhi,Constituency_79,MP_Name_79,41882217,Lok Sabha,Allocated Limit for Honble MPs_2024.csv,
West Bengal,Constituency_80,MP_Name_80,30876990,Lok Sabha,Allocated Limit for Honble MPs_2024.csv,
Karnataka,Constituency_81,MP_Name_81,48442857,Lok Sabha,Allocated Limit for Honble MPs_2024.csv,
Maharashtra,Constituency_82,MP_Name_82,25392892,Lok Sabha,Allocated Limit for Honble MPs_2024.csv,
Maharashtra,Constituency_83,MP_Name_83,23720337,Lok Sabha,Allocated Limit for Honble MPs_2024.csv,
Gujarat,Constituency_84,MP_Name_84,33137953,Lok Sabha,Allocated Limit for Honble MPs_2024.csv,
Gujarat,Constituency_85,MP_Name_85,20862396,Lok Sabha,Allocated Limit for Honble MPs_2024.csv,
Gujarat,Constituency_86,MP_Name_86,25574588,Lok Sabha,Allocated Limit for Honble MPs_2024.csv,
West Bengal,Constituency_87,MP_Name_87,31733478,Lok Sabha,Allocated Limit for Honble MPs_2024.csv,
Madhya Pradesh,Constituency_88,MP_Name_88,26573963,Lok Sabha,Allocated Limit for Honble MPs_2024.csv,
Karnataka,Constituency_89,MP_Name_89,27239373,Lok Sabha,Allocated Limit for Honble MPs_2024.csv,
Tamil Nadu,Constituency_90,MP_Name_90,21086419,Lok Sabha,Allocated Limit for Honble MPs_2024.csv,
Rajasthan,Constituency_91,MP_Name_91,40373104,Lok Sabha,Allocated Limit for Honble MPs_2024.csv,
Uttar Pradesh,Constituency_92,MP_Name_92,40245931,Lok Sabha,Allocated Limit for Honble MPs_2024.csv,
Uttar Pradesh,Constituency_93,MP_Name_93,31555311,Lok Sabha,Allocated Limit for Honble MPs_2024.csv,
Uttar Pradesh,Constituency_94,MP_Name_94,47630429,Lok Sabha,Allocated Limit for Honble MPs_2024.csv,
Karnataka,Constituency_95,MP_Name_95,40971670,Lok Sabha,Allocated Limit for Honble MPs_2024.csv,
Uttar Pradesh,Constituency_96,MP_Name_96,31516990,Lok Sabha,Allocated Limit for Honble MPs_2024.csv,
Tamil Nadu,Constituency_97,MP_Name_97,41690079,Lok Sabha,Allocated Limit for Honble MPs_2024.csv,
Bihar,Constituency_98,MP_Name_98,41096979,Lok Sabha,Allocated Limit for Honble MPs_2024.csv,
Uttar Pradesh,Constituency_99,MP_Name_99,45472887,Lok Sabha,Allocated Limit for Honble MPs_2024.csv,
Tamil Nadu,Constituency_100,MP_Name_100,37358350,Lok Sabha,Allocated Limit for Honble MPs_2024.csv,
Uttar Pradesh,Constituency_101,MP_Name_101,20559892,Lok Sabha,Allocated Limit for Honble MPs_2024.csv,
Maharashtra,Constituency_102,MP_Name_102,35310164,Lok Sabha,Allocated Limit for Honble MPs_2024.csv,
Bihar,Constituency_103,MP_Name_103,21925939,Lok Sabha,Allocated Limit for Honble MPs_2024.csv,
Rajasthan,Constituency_104,MP_Name_104,22271921,Lok Sabha,Allocated Limit for Honble MPs_2024.csv,
West Bengal,Constituency_105,MP_Name_105,40891036,Lok Sabha,Allocated Limit for Honble MPs_2024.csv,
Karnataka,Constituency_106,MP_Name_106,42414593,Lok Sabha,Allocated Limit for Honble MPs_2024.csv,
Bihar,Constituency_107,MP_Name_107,36571583,Lok Sabha,Allocated Limit for Honble MPs_2024.csv,
Karnataka,Constituency_108,MP_Name_108,41206648,Lok Sabha,Allocated Limit for Honble MPs_2024.csv,
West Bengal,Constituency_109,MP_Name_109,32202916,Lok Sabha,Allocated Limit for Honble MPs_2024.csv,
Uttar Pradesh,Constituency_110,MP_Name_110,22110395,Lok Sabha,Allocated Limit for Honble MPs_2024.csv,
Madhya Pradesh,Constituency_111,MP_Name_111,41230724,Lok Sabha,Allocated Limit for Honble MPs_2024.csv,
Tamil Nadu,Constituency_112,MP_Name_112,21937791,Lok Sabha,Allocated Limit for Honble MPs_2024.csv,
West Bengal,Constituency_113,MP_Name_113,21669978,Lok Sabha,Allocated Limit for Honble MPs_2024.csv,
Maharashtra,Constituency_114,MP_Name_114,26305427,Lok Sabha,Allocated Limit for Honble MPs_2024.csv,
Uttar Pradesh,Constituency_115,MP_Name_115,26371298,Lok Sabha,Allocated Limit for Honble MPs_2024.csv,
Delhi,Constituency_116,MP_Name_116,24438200,Lok Sabha,Allocated Limit for Honble MPs_2024.csv,
Delhi,Constituency_117,MP_Name_117,34434068,Lok Sabha,Allocated Limit for Honble MPs_2024.csv,
Delhi,Constituency_118,MP_Name_118,43811008,Lok Sabha,Allocated Limit for Honble MPs_2024.csv,
Gujarat,Constituency_119,MP_Name_119,38119303,Lok Sabha,Allocated Limit for Honble MPs_2024.csv,
West Bengal,Constituency_120,MP_Name_120,22666234,Lok Sabha,Allocated Limit for Honble MPs_2024.csv,
Karnataka,Constituency_121,MP_Name_121,21335506,Lok Sabha,Allocated Limit for Honble MPs_2024.csv,
West Bengal,Constituency_122,MP_Name_122,23533362,Lok Sabha,Allocated Limit for Honble MPs_2024.csv,
Gujarat,Constituency_123,MP_Name_123,45038901,Lok Sabha,Allocated Limit for Honble MPs_2024.csv,
Delhi,Constituency_124,MP_Name_124,22123119,Lok Sabha,Allocated Limit for Honble MPs_2024.csv,
Gujarat,Constituency_125,MP_Name_125,26971148,Lok Sabha,Allocated Limit for Honble MPs_2024.csv,
Uttar Pradesh,Constituency_126,MP_Name_126,38115125,Lok Sabha,Allocated Limit for Honble MPs_2024.csv,
Maharashtra,Constituency_127,MP_Name_127,33820099,Lok Sabha,Allocated Limit for Honble MPs_2024.csv,
Maharashtra,Constituency_128,MP_Name_128,38238366,Lok Sabha,Allocated Limit for Honble MPs_2024.csv,
Karnataka,Constituency_129,MP_Name_129,23550744,Lok Sabha,Allocated Limit for Honble MPs_2024.csv,
Karnataka,Constituency_130,MP_Name_130,40990759,Lok Sabha,Allocated Limit for Honble MPs_2024.csv,
Karnataka,Constituency_131,MP_Name_131,38645182,Lok Sabha,Allocated Limit for Honble MPs_2024.csv,
Karnataka,Constituency_132,MP_Name_132,46789914,Lok Sabha,Allocated Limit for Honble MPs_2024.csv,
Uttar Pradesh,Constituency_133,MP_Name_133,26611511,Lok Sabha,Allocated Limit for Honble MPs_2024.csv,
Rajasthan,Constituency_134,MP_Name_134,27818507,Lok Sabha,Allocated Limit for Honble MPs_2024.csv,
Gujarat,Constituency_135,MP_Name_135,31054134,Lok Sabha,Allocated Limit for Honble MPs_2024.csv,
West Bengal,Constituency_136,MP_Name_136,26663340,Lok Sabha,Allocated Limit for Honble MPs_2024.csv,
Karnataka,Constituency_137,MP_Name_137,23651195,Lok Sabha,Allocated Limit for Honble MPs_2024.csv,
Delhi,Constituency_138,MP_Name_138,48131423,Lok Sabha,Allocated Limit for Honble MPs_2024.csv,
Delhi,Constituency_139,MP_Name_139,29673451,Lok Sabha,Allocated Limit for Honble MPs_2024.csv,
Gujarat,Constituency_140,MP_Name_140,30345704,Lok Sabha,Allocated Limit for Honble MPs_2024.csv,
West Bengal,Constituency_141,MP_Name_141,36826547,Lok Sabha,Allocated Limit for Honble MPs_2024.csv,
Maharashtra,Constituency_142,MP_Name_142,22139346,Lok Sabha,Allocated Limit for Honble MPs_2024.csv,
Delhi,Constituency_143,MP_Name_143,21286156,Lok Sabha,Allocated Limit for Honble MPs_2024.csv,
Uttar Pradesh,Constituency_144,MP_Name_144,27852997,Lok Sabha,Allocated Limit for Honble MPs_2024.csv,
Rajasthan,Constituency_145,MP_Name_145,44197286,Lok Sabha,Allocated Limit for Honble MPs_2024.csv,
West Bengal,Constituency_146,MP_Name_146,44685899,Lok Sabha,Allocated Limit for Honble MPs_2024.csv,
Uttar Pradesh,Constituency_147,MP_Name_147,36658904,Lok Sabha,Allocated Limit for Honble MPs_2024.csv,
Karnataka,Constituency_148,MP_Name_148,36091452,Lok Sabha,Allocated Limit for Honble MPs_2024.csv,
Rajasthan,Constituency_149,MP_Name_149,23282519,Lok Sabha,Allocated Limit for Honble MPs_2024.csv,
West Bengal,Constituency_150,MP_Name_150,34636857,Lok Sabha,Allocated Limit for Honble MPs_2024.csv,
Tamil Nadu,Constituency_151,MP_Name_151,29883232,Lok Sabha,Allocated Limit for Honble MPs_2024.csv,
Bihar,Constituency_152,MP_Name_152,33948878,Lok Sabha,Allocated Limit for Honble MPs_2024.csv,
Madhya Pradesh,Constituency_153,MP_Name_153,48126915,Lok Sabha,Allocated Limit for Honble MPs_2024.csv,
Gujarat,Constituency_154,MP_Name_154,47464271,Lok Sabha,Allocated Limit for Honble MPs_2024.csv,
Bihar,Constituency_155,MP_Name_155,31474223,Lok Sabha,Allocated Limit for Honble MPs_2024.csv,
Delhi,Constituency_156,MP_Name_156,34316967,Lok Sabha,Allocated Limit for Honble MPs_2024.csv,
Madhya Pradesh,Constituency_157,MP_Name_157,20031754,Lok Sabha,Allocated Limit for Honble MPs_2024.csv,
Maharashtra,Constituency_158,MP_Name_158,45328634,Lok Sabha,Allocated Limit for Honble MPs_2024.csv,
Bihar,Constituency_159,MP_Name_159,42990037,Lok Sabha,Allocated Limit for Honble MPs_2024.csv,
Rajasthan,Constituency_160,MP_Name_160,48220179,Lok Sabha,Allocated Limit for Honble MPs_2024.csv,
Tamil Nadu,Constituency_161,MP_Name_161,32893954,Lok Sabha,Allocated Limit for Honble MPs_2024.csv,
Madhya Pradesh,Constituency_162,MP_Name_162,30268277,Lok Sabha,Allocated Limit for Honble MPs_2024.csv,
Gujarat,Constituency_163,MP_Name_163,49540128,Lok Sabha,Allocated Limit for Honble MPs_2024.csv,
Karnataka,Constituency_164,MP_Name_164,37041347,Lok Sabha,Allocated Limit for Honble MPs_2024.csv,
Rajasthan,Constituency_165,MP_Name_165,25751073,Lok Sabha,Allocated Limit for Honble MPs_2024.csv,
Delhi,Constituency_166,MP_Name_166,35722230,Lok Sabha,Allocated Limit for Honble MPs_2024.csv,
Uttar Pradesh,Constituency_167,MP_Name_167,25624147,Lok Sabha,Allocated Limit for Honble MPs_2024.csv,
Rajasthan,Constituency_168,MP_Name_168,28849881,Lok Sabha,Allocated Limit for Honble MPs_2024.csv,
Tamil Nadu,Constituency_169,MP_Name_169,28258192,Lok Sabha,Allocated Limit for Honble MPs_2024.csv,
Uttar Pradesh,Constituency_170,MP_Name_170,45025687,Lok Sabha,Allocated Limit for Honble MPs_2024.csv,
Uttar Pradesh,Constituency_171,MP_Name_171,23219211,Lok Sabha,Allocated Limit for Honble MPs_2024.csv,
Maharashtra,Constituency_172,MP_Name_172,44762290,Lok Sabha,Allocated Limit for Honble MPs_2024.csv,
Gujarat,Constituency_173,MP_Name_173,41499434,Lok Sabha,Allocated Limit for Honble MPs_2024.csv,
Bihar,Constituency_174,MP_Name_174,23670117,Lok Sabha,Allocated Limit for Honble MPs_2024.csv,
Rajasthan,Constituency_175,MP_Name_175,45231591,Lok Sabha,Allocated Limit for Honble MPs_2024.csv,
Karnataka,Constituency_176,MP_Name_176,20540494,Lok Sabha,Allocated Limit for Honble MPs_2024.csv,
Madhya Pradesh,Constituency_177,MP_Name_177,40277232,Lok Sabha,Allocated Limit for Honble MPs_2024.csv,
Maharashtra,Constituency_178,MP_Name_178,47190252,Lok Sabha,Allocated Limit for Honble MPs_2024.csv,
Tamil Nadu,Constituency_179,MP_Name_179,46984939,Lok Sabha,Allocated Limit for Honble MPs_2024.csv,
West Bengal,Constituency_180,MP_Name_180,45976309,Lok Sabha,Allocated Limit for Honble MPs_2024.csv,
Maharashtra,Constituency_181,MP_Name_181,35907414,Lok Sabha,Allocated Limit for Honble MPs_2024.csv,
Tamil Nadu,Constituency_182,MP_Name_182,46211840,Lok Sabha,Allocated Limit for Honble MPs_2024.csv,
Uttar Pradesh,Constituency_183,MP_Name_183,24700339,Lok Sabha,Allocated Limit for Honble MPs_2024.csv,
Delhi,Constituency_184,MP_Name_184,32565485,Lok Sabha,Allocated Limit for Honble MPs_2024.csv,
West Bengal,Constituency_185,MP_Name_185,46827241,Lok Sabha,Allocated Limit for Honble MPs_2024.csv,
Tamil Nadu,Constituency_186,MP_Name_186,27980867,Lok Sabha,Allocated Limit for Honble MPs_2024.csv,
Gujarat,Constituency_187,MP_Name_187,32997864,Lok Sabha,Allocated Limit for Honble MPs_2024.csv,
Tamil Nadu,Constituency_188,MP_Name_188,31698509,Lok Sabha,Allocated Limit for Honble MPs_2024.csv,
West Bengal,Constituency_189,MP_Name_189,41265981,Lok Sabha,Allocated Limit for Honble MPs_2024.csv,
Karnataka,Constituency_190,MP_Name_190,37723372,Lok Sabha,Allocated Limit for Honble MPs_2024.csv,
Tamil Nadu,Constituency_191,MP_Name_191,42761275,Lok Sabha,Allocated Limit for Honble MPs_2024.csv,
Gujarat,Constituency_192,MP_Name_192,21013840,Lok Sabha,Allocated Limit for Honble MPs_2024.csv,
Uttar Pradesh,Constituency_193,MP_Name_193,46189213,Lok Sabha,Allocated Limit for Honble MPs_2024.csv,
Bihar,Constituency_194,MP_Name_194,25890620,Lok Sabha,Allocated Limit for Honble MPs_2024.csv,
Uttar Pradesh,Constituency_195,MP_Name_195,44692043,Lok Sabha,Allocated Limit for Honble MPs_2024.csv,
West Bengal,Constituency_196,MP_Name_196,28549484,Lok Sabha,Allocated Limit for Honble MPs_2024.csv,
Tamil Nadu,Constituency_197,MP_Name_197,24737805,Lok Sabha,Allocated Limit for Honble MPs_2024.csv,
Maharashtra,Constituency_198,MP_Name_198,40303150,Lok Sabha,Allocated Limit for Honble MPs_2024.csv,
Rajasthan,Constituency_199,MP_Name_199,31999645,Lok Sabha,Allocated Limit for Honble MPs_2024.csv,
Rajasthan,Constituency_200,MP_Name_200,39873673,Lok Sabha,Allocated Limit for Honble MPs_2024.csv,
Karnataka,Constituency_201,MP_Name_201,32647219,Lok Sabha,Allocated Limit for Honble MPs_2024.csv,
Bihar,Constituency_202,MP_Name_202,49867629,Lok Sabha,Allocated Limit for Honble MPs_2024.csv,
Maharashtra,Constituency_203,MP_Name_203,23559313,Lok Sabha,Allocated Limit for Honble MPs_2024.csv,
Madhya Pradesh,Constituency_204,MP_Name_204,21280551,Lok Sabha,Allocated Limit for Honble MPs_2024.csv,
Tamil Nadu,Constituency_205,MP_Name_205,45981626,Lok Sabha,Allocated Limit for Honble MPs_2024.csv,
Maharashtra,Constituency_206,MP_Name_206,36309024,Lok Sabha,Allocated Limit for Honble MPs_2024.csv,
Bihar,Constituency_207,MP_Name_207,39533032,Lok Sabha,Allocated Limit for Honble MPs_2024.csv,
Rajasthan,Constituency_208,MP_Name_208,31535945,Lok Sabha,Allocated Limit for Honble MPs_2024.csv,
Delhi,Constituency_209,MP_Name_209,20295286,Lok Sabha,Allocated Limit for Honble MPs_2024.csv,
Tamil Nadu,Constituency_210,MP_Name_210,29917627,Lok Sabha,Allocated Limit for Honble MPs_2024.csv,
Gujarat,Constituency_211,MP_Name_211,45258997,Lok Sabha,Allocated Limit for Honble MPs_2024.csv,
Tamil Nadu,Constituency_212,MP_Name_212,44528923,Lok Sabha,Allocated Limit for Honble MPs_2024.csv,
Tamil Nadu,Constituency_213,MP_Name_213,31002645,Lok Sabha,Allocated Limit for Honble MPs_2024.csv,
Bihar,Constituency_214,MP_Name_214,45795313,Lok Sabha,Allocated Limit for Honble MPs_2024.csv,
West Bengal,Constituency_215,MP_Name_215,33479963,Lok Sabha,Allocated Limit for Honble MPs_2024.csv,
Delhi,Constituency_216,MP_Name_216,44322778,Lok Sabha,Allocated Limit for Honble MPs_2024.csv,
Gujarat,Constituency_217,MP_Name_217,34447005,Lok Sabha,Allocated Limit for Honble MPs_2024.csv,
Maharashtra,Constituency_218,MP_Name_218,40086683,Lok Sabha,Allocated Limit for Honble MPs_2024.csv,
Bihar,Constituency_219,MP_Name_219,49521159,Lok Sabha,Allocated Limit for Honble MPs_2024.csv,
Karnataka,Constituency_220,MP_Name_220,34289127,Lok Sabha,Allocated Limit for Honble MPs_2024.csv,
Bihar,Constituency_221,MP_Name_221,35700697,Lok Sabha,Allocated Limit for Honble MPs_2024.csv,
Bihar,Constituency_222,MP_Name_222,47848519,Lok Sabha,Allocated Limit for Honble MPs_2024.csv,
Uttar Pradesh,Constituency_223,MP_Name_223,47868020,Lok Sabha,Allocated Limit for Honble MPs_2024.csv,
Rajasthan,Constituency_224,MP_Name_224,32164033,Lok Sabha,Allocated Limit for Honble MPs_2024.csv,
Gujarat,Constituency_225,MP_Name_225,25199461,Lok Sabha,Allocated Limit for Honble MPs_2024.csv,
Gujarat,Constituency_226,MP_Name_226,48357489,Lok Sabha,Allocated Limit for Honble MPs_2024.csv,
Gujarat,Constituency_227,MP_Name_227,23255856,Lok Sabha,Allocated Limit for Honble MPs_2024.csv,
Rajasthan,Constituency_228,MP_Name_228,31832432,Lok Sabha,Allocated Limit for Honble MPs_2024.csv,
Uttar Pradesh,Constituency_229,MP_Name_229,20844491,Lok Sabha,Allocated Limit for Honble MPs_2024.csv,
West Bengal,Constituency_230,MP_Name_230,41473770,Lok Sabha,Allocated Limit for Honble MPs_2024.csv,
Uttar Pradesh,Constituency_231,MP_Name_231,37512506,Lok Sabha,Allocated Limit for Honble MPs_2024.csv,
Delhi,Constituency_232,MP_Name_232,45726099,Lok Sabha,Allocated Limit for Honble MPs_2024.csv,
Delhi,Constituency_233,MP_Name_233,49689510,Lok Sabha,Allocated Limit for Honble MPs_2024.csv,
Rajasthan,Constituency_234,MP_Name_234,43867830,Lok Sabha,Allocated Limit for Honble MPs_2024.csv,
Delhi,Constituency_235,MP_Name_235,29477283,Lok Sabha,Allocated Limit for Honble MPs_2024.csv,
Uttar Pradesh,Constituency_236,MP_Name_236,30955223,Lok Sabha,Allocated Limit for Honble MPs_2024.csv,
Karnataka,Constituency_237,MP_Name_237,43871128,Lok Sabha,Allocated Limit for Honble MPs_2024.csv,
Delhi,Constituency_238,MP_Name_238,46452534,Lok Sabha,Allocated Limit for Honble MPs_2024.csv,
Maharashtra,Constituency_239,MP_Name_239,38061243,Lok Sabha,Allocated Limit for Honble MPs_2024.csv,
West Bengal,Constituency_240,MP_Name_240,46509068,Lok Sabha,Allocated Limit for Honble MPs_2024.csv,
Madhya Pradesh,Constituency_241,MP_Name_241,24516627,Lok Sabha,Allocated Limit for Honble MPs_2024.csv,
Tamil Nadu,Constituency_242,MP_Name_242,25500812,Lok Sabha,Allocated Limit for Honble MPs_2024.csv,
Madhya Pradesh,Constituency_243,MP_Name_243,28793825,Lok Sabha,Allocated Limit for Honble MPs_2024.csv,
Madhya Pradesh,Constituency_244,MP_Name_244,38936024,Lok Sabha,Allocated Limit for Honble MPs_2024.csv,
Madhya Pradesh,Constituency_245,MP_Name_245,27307737,Lok Sabha,Allocated Limit for Honble MPs_2024.csv,
Delhi,Constituency_246,MP_Name_246,31123045,Lok Sabha,Allocated Limit for Honble MPs_2024.csv,
Rajasthan,Constituency_247,MP_Name_247,23949945,Lok Sabha,Allocated Limit for Honble MPs_2024.csv,
Uttar Pradesh,Constituency_248,MP_Name_248,40069008,Lok Sabha,Allocated Limit for Honble MPs_2024.csv,
West Bengal,Constituency_249,MP_Name_249,49427682,Lok Sabha,Allocated Limit for Honble MPs_2024.csv,
Maharashtra,Constituency_250,MP_Name_250,41137267,Lok Sabha,Allocated Limit for Honble MPs_2024.csv,
Delhi,Constituency_251,MP_Name_251,28218453,Lok Sabha,Allocated Limit for Honble MPs_2024.csv,
West Bengal,Constituency_252,MP_Name_252,31982740,Lok Sabha,Allocated Limit for Honble MPs_2024.csv,
Madhya Pradesh,Constituency_253,MP_Name_253,41630348,Lok Sabha,Allocated Limit for Honble MPs_2024.csv,
Bihar,Constituency_254,MP_Name_254,22480940,Lok Sabha,Allocated Limit for Honble MPs_2024.csv,
Uttar Pradesh,Constituency_255,MP_Name_255,35074755,Lok Sabha,Allocated Limit for Honble MPs_2024.csv,
Madhya Pradesh,Constituency_256,MP_Name_256,31729940,Lok Sabha,Allocated Limit for Honble MPs_2024.csv,
Tamil Nadu,Constituency_257,MP_Name_257,48237184,Lok Sabha,Allocated Limit for Honble MPs_2024.csv,
Tamil Nadu,Constituency_258,MP_Name_258,42195601,Lok Sabha,Allocated Limit for Honble MPs_2024.csv,
Maharashtra,Constituency_259,MP_Name_259,49731200,Lok Sabha,Allocated Limit for Honble MPs_2024.csv,
Delhi,Constituency_260,MP_Name_260,40497902,Lok Sabha,Allocated Limit for Honble MPs_2024.csv,
Delhi,Constituency_261,MP_Name_261,24157739,Lok Sabha,Allocated Limit for Honble MPs_2024.csv,
Karnataka,Constituency_262,MP_Name_262,49556262,Lok Sabha,Allocated Limit for Honble MPs_2024.csv,
Tamil Nadu,Constituency_263,MP_Name_263,29259357,Lok Sabha,Allocated Limit for Honble MPs_2024.csv,
Gujarat,Constituency_264,MP_Name_264,44280838,Lok Sabha,Allocated Limit for Honble MPs_2024.csv,
West Bengal,Constituency_265,MP_Name_265,31875579,Lok Sabha,Allocated Limit for Honble MPs_2024.csv,
Delhi,Constituency_266,MP_Name_266,44387027,Lok Sabha,Allocated Limit for Honble MPs_2024.csv,
Gujarat,Constituency_267,MP_Name_267,47794077,Lok Sabha,Allocated Limit for Honble MPs_2024.csv,
Tamil Nadu,Constituency_268,MP_Name_268,21524267,Lok Sabha,Allocated Limit for Honble MPs_2024.csv,
Gujarat,Constituency_269,MP_Name_269,21189332,Lok Sabha,Allocated Limit for Honble MPs_2024.csv,
Karnataka,Constituency_270,MP_Name_270,21021720,Lok Sabha,Allocated Limit for Honble MPs_2024.csv,
Gujarat,Constituency_271,MP_Name_271,39862190,Lok Sabha,Allocated Limit for Honble MPs_2024.csv,
Madhya Pradesh,Constituency_272,MP_Name_272,23018916,Lok Sabha,Allocated Limit for Honble MPs_2024.csv,
Maharashtra,Constituency_273,MP_Name_273,21385394,Lok Sabha,Allocated Limit for Honble MPs_2024.csv,
Bihar,Constituency_274,MP_Name_274,31736402,Lok Sabha,Allocated Limit for Honble MPs_2024.csv,
Uttar Pradesh,Constituency_275,MP_Name_275,48835844,Lok Sabha,Allocated Limit for Honble MPs_2024.csv,
Karnataka,Constituency_276,MP_Name_276,47932252,Lok Sabha,Allocated Limit for Honble MPs_2024.csv,
Madhya Pradesh,Constituency_277,MP_Name_277,27762444,Lok Sabha,Allocated Limit for Honble MPs_2024.csv,
Madhya Pradesh,Constituency_278,MP_Name_278,37446667,Lok Sabha,Allocated Limit for Honble MPs_2024.csv,
Bihar,Constituency_279,MP_Name_279,37326626,Lok Sabha,Allocated Limit for Honble MPs_2024.csv,
Karnataka,Constituency_280,MP_Name_280,41452004,Lok Sabha,Allocated Limit for Honble MPs_2024.csv,
West Bengal,Constituency_281,MP_Name_281,26296919,Lok Sabha,Allocated Limit for Honble MPs_2024.csv,
West Bengal,Constituency_282,MP_Name_282,41496743,Lok Sabha,Allocated Limit for Honble MPs_2024.csv,
West Bengal,Constituency_283,MP_Name_283,45809273,Lok Sabha,Allocated Limit for Honble MPs_2024.csv,
Tamil Nadu,Constituency_284,MP_Name_284,38289858,Lok Sabha,Allocated Limit for Honble MPs_2024.csv,
West Bengal,Constituency_285,MP_Name_285,27767766,Lok Sabha,Allocated Limit for Honble MPs_2024.csv,
Bihar,Constituency_286,MP_Name_286,36598819,Lok Sabha,Allocated Limit for Honble MPs_2024.csv,
Tamil Nadu,Constituency_287,MP_Name_287,30803182,Lok Sabha,Allocated Limit for Honble MPs_2024.csv,
Maharashtra,Constituency_288,MP_Name_288,33027820,Lok Sabha,Allocated Limit for Honble MPs_2024.csv,
Delhi,Constituency_289,MP_Name_289,31979315,Lok Sabha,Allocated Limit for Honble MPs_2024.csv,
Gujarat,Constituency_290,MP_Name_290,41991478,Lok Sabha,Allocated Limit for Honble MPs_2024.csv,
Bihar,Constituency_291,MP_Name_291,44050706,Lok Sabha,Allocated Limit for Honble MPs_2024.csv,
Madhya Pradesh,Constituency_292,MP_Name_292,39004147,Lok Sabha,Allocated Limit for Honble MPs_2024.csv,
Gujarat,Constituency_293,MP_Name_293,44823969,Lok Sabha,Allocated Limit for Honble MPs_2024.csv,
Rajasthan,Constituency_294,MP_Name_294,26389421,Lok Sabha,Allocated Limit for Honble MPs_2024.csv,
Tamil Nadu,Constituency_295,MP_Name_295,49744987,Lok Sabha,Allocated Limit for Honble MPs_2024.csv,
West Bengal,Constituency_296,MP_Name_296,34776363,Lok Sabha,Allocated Limit for Honble MPs_2024.csv,
Rajasthan,Constituency_297,MP_Name_297,48755550,Lok Sabha,Allocated Limit for Honble MPs_2024.csv,
West Bengal,Constituency_298,MP_Name_298,41046529,Lok Sabha,Allocated Limit for Honble MPs_2024.csv,
Karnataka,Constituency_299,MP_Name_299,43634015,Lok Sabha,Allocated Limit for Honble MPs_2024.csv,
Tamil Nadu,Constituency_300,MP_Name_300,22156622,Lok Sabha,Allocated Limit for Honble MPs_2024.csv,
Gujarat,Constituency_301,MP_Name_301,42312246,Lok Sabha,Allocated Limit for Honble MPs_2024.csv,
Delhi,Constituency_302,MP_Name_302,42286926,Lok Sabha,Allocated Limit for Honble MPs_2024.csv,
Karnataka,Constituency_303,MP_Name_303,47869989,Lok Sabha,Allocated Limit for Honble MPs_2024.csv,
Tamil Nadu,Constituency_304,MP_Name_304,22258541,Lok Sabha,Allocated Limit for Honble MPs_2024.csv,
Maharashtra,Constituency_305,MP_Name_305,39375032,Lok Sabha,Allocated Limit for Honble MPs_2024.csv,
Rajasthan,Constituency_306,MP_Name_306,39706935,Lok Sabha,Allocated Limit for Honble MPs_2024.csv,
Madhya Pradesh,Constituency_307,MP_Name_307,37540096,Lok Sabha,Allocated Limit for Honble MPs_2024.csv,
Gujarat,Constituency_308,MP_Name_308,30334817,Lok Sabha,Allocated Limit for Honble MPs_2024.csv,
Maharashtra,Constituency_309,MP_Name_309,32832356,Lok Sabha,Allocated Limit for Honble MPs_2024.csv,
Uttar Pradesh,Constituency_310,MP_Name_310,37942704,Lok Sabha,Allocated Limit for Honble MPs_2024.csv,
Karnataka,Constituency_311,MP_Name_311,38732582,Lok Sabha,Allocated Limit for Honble MPs_2024.csv,
West Bengal,Constituency_312,MP_Name_312,20693068,Lok Sabha,Allocated Limit for Honble MPs_2024.csv,
West Bengal,Constituency_313,MP_Name_313,28502626,Lok Sabha,Allocated Limit for Honble MPs_2024.csv,
Rajasthan,Constituency_314,MP_Name_314,29998071,Lok Sabha,Allocated Limit for Honble MPs_2024.csv,
West Bengal,Constituency_315,MP_Name_315,34556596,Lok Sabha,Allocated Limit for Honble MPs_2024.csv,
Madhya Pradesh,Constituency_316,MP_Name_316,35129392,Lok Sabha,Allocated Limit for Honble MPs_2024.csv,
Tamil Nadu,Constituency_317,MP_Name_317,29616766,Lok Sabha,Allocated Limit for Honble MPs_2024.csv,
Madhya Pradesh,Constituency_318,MP_Name_318,33063070,Lok Sabha,Allocated Limit for Honble MPs_2024.csv,
Bihar,Constituency_319,MP_Name_319,39490209,Lok Sabha,Allocated Limit for Honble MPs_2024.csv,
Madhya Pradesh,Constituency_320,MP_Name_320,48922013,Lok Sabha,Allocated Limit for Honble MPs_2024.csv,
Gujarat,Constituency_321,MP_Name_321,48612952,Lok Sabha,Allocated Limit for Honble MPs_2024.csv,
West Bengal,Constituency_322,MP_Name_322,44627065,Lok Sabha,Allocated Limit for Honble MPs_2024.csv,
Uttar Pradesh,Constituency_323,MP_Name_323,40523107,Lok Sabha,Allocated Limit for Honble MPs_2024.csv,
Bihar,Constituency_324,MP_Name_324,39547140,Lok Sabha,Allocated Limit for Honble MPs_2024.csv,
Bihar,Constituency_325,MP_Name_325,38099073,Lok Sabha,Allocated Limit for Honble MPs_2024.csv,
Tamil Nadu,Constituency_326,MP_Name_326,34415788,Lok Sabha,Allocated Limit for Honble MPs_2024.csv,
Madhya Pradesh,Constituency_327,MP_Name_327,30729950,Lok Sabha,Allocated Limit for Honble MPs_2024.csv,
Tamil Nadu,Constituency_328,MP_Name_328,23069875,Lok Sabha,Allocated Limit for Honble MPs_2024.csv,
Gujarat,Constituency_329,MP_Name_329,47715198,Lok Sabha,Allocated Limit for Honble MPs_2024.csv,
Madhya Pradesh,Constituency_330,MP_Name_330,34021612,Lok Sabha,Allocated Limit for Honble MPs_2024.csv,
Karnataka,Constituency_331,MP_Name_331,33212253,Lok Sabha,Allocated Limit for Honble MPs_2024.csv,
Rajasthan,Constituency_332,MP_Name_332,41384213,Lok Sabha,Allocated Limit for Honble MPs_2024.csv,
Madhya Pradesh,Constituency_333,MP_Name_333,37480578,Lok Sabha,Allocated Limit for Honble MPs_2024.csv,
Madhya Pradesh,Constituency_334,MP_Name_334,40893857,Lok Sabha,Allocated Limit for Honble MPs_2024.csv,
Madhya Pradesh,Constituency_335,MP_Name_335,49765214,Lok Sabha,Allocated Limit for Honble MPs_2024.csv,
West Bengal,Constituency_336,MP_Name_336,21157926,Lok Sabha,Allocated Limit for Honble MPs_2024.csv,
Madhya Pradesh,Constituency_337,MP_Name_337,28954487,Lok Sabha,Allocated Limit for Honble MPs_2024.csv,
Uttar Pradesh,Constituency_338,MP_Name_338,23144334,Lok Sabha,Allocated Limit for Honble MPs_2024.csv,
Gujarat,Constituency_339,MP_Name_339,30512007,Lok Sabha,Allocated Limit for Honble MPs_2024.csv,
Gujarat,Constituency_340,MP_Name_340,31199167,Lok Sabha,Allocated Limit for Honble MPs_2024.csv,
Tamil Nadu,Constituency_341,MP_Name_341,42114791,Lok Sabha,Allocated Limit for Honble MPs_2024.csv,
Karnataka,Constituency_342,MP_Name_342,33814566,Lok Sabha,Allocated Limit for Honble MPs_2024.csv,
Uttar Pradesh,Constituency_343,MP_Name_343,21353008,Lok Sabha,Allocated Limit for Honble MPs_2024.csv,
Delhi,Constituency_344,MP_Name_344,48897230,Lok Sabha,Allocated Limit for Honble MPs_2024.csv,
Tamil Nadu,Constituency_345,MP_Name_345,36795183,Lok Sabha,Allocated Limit for Honble MPs_2024.csv,
Karnataka,Constituency_346,MP_Name_346,35588459,Lok Sabha,Allocated Limit for Honble MPs_2024.csv,
Karnataka,Constituency_347,MP_Name_347,24600018,Lok Sabha,Allocated Limit for Honble MPs_2024.csv,
Rajasthan,Constituency_348,MP_Name_348,43440510,Lok Sabha,Allocated Limit for Honble MPs_2024.csv,
Maharashtra,Constituency_349,MP_Name_349,43996972,Lok Sabha,Allocated Limit for Honble MPs_2024.csv,
Madhya Pradesh,Constituency_350,MP_Name_350,44406007,Lok Sabha,Allocated Limit for Honble MPs_2024.csv,
Uttar Pradesh,Constituency_351,MP_Name_351,29249437,Lok Sabha,Allocated Limit for Honble MPs_2024.csv,
Bihar,Constituency_352,MP_Name_352,38463345,Lok Sabha,Allocated Limit for Honble MPs_2024.csv,
Karnataka,Constituency_353,MP_Name_353,29358465,Lok Sabha,Allocated Limit for Honble MPs_2024.csv,
Tamil Nadu,Constituency_354,MP_Name_354,43816320,Lok Sabha,Allocated Limit for Honble MPs_2024.csv,
Uttar Pradesh,Constituency_355,MP_Name_355,45016247,Lok Sabha,Allocated Limit for Honble MPs_2024.csv,
Bihar,Constituency_356,MP_Name_356,26065374,Lok Sabha,Allocated Limit for Honble MPs_2024.csv,
West Bengal,Constituency_357,MP_Name_357,33900014,Lok Sabha,Allocated Limit for Honble MPs_2024.csv,
Gujarat,Constituency_358,MP_Name_358,37817129,Lok Sabha,Allocated Limit for Honble MPs_2024.csv,
Madhya Pradesh,Constituency_359,MP_Name_359,42396680,Lok Sabha,Allocated Limit for Honble MPs_2024.csv,
West Bengal,Constituency_360,MP_Name_360,30219837,Lok Sabha,Allocated Limit for Honble MPs_2024.csv,
Madhya Pradesh,Constituency_361,MP_Name_361,35585985,Lok Sabha,Allocated Limit for Honble MPs_2024.csv,
Karnataka,Constituency_362,MP_Name_362,45771830,Lok Sabha,Allocated Limit for Honble MPs_2024.csv,
Tamil Nadu,Constituency_363,MP_Name_363,36341644,Lok Sabha,Allocated Limit for Honble MPs_2024.csv,
West Bengal,Constituency_364,MP_Name_364,24438900,Lok Sabha,Allocated Limit for Honble MPs_2024.csv,
West Bengal,Constituency_365,MP_Name_365,30338163,Lok Sabha,Allocated Limit for Honble MPs_2024.csv,
Tamil Nadu,Constituency_366,MP_Name_366,38959627,Lok Sabha,Allocated Limit for Honble MPs_2024.csv,
Tamil Nadu,Constituency_367,MP_Name_367,27505910,Lok Sabha,Allocated Limit for Honble MPs_2024.csv,
Karnataka,Constituency_368,MP_Name_368,40130000,Lok Sabha,Allocated Limit for Honble MPs_2024.csv,
Delhi,Constituency_369,MP_Name_369,20239129,Lok Sabha,Allocated Limit for Honble MPs_2024.csv,
West Bengal,Constituency_370,MP_Name_370,41768559,Lok Sabha,Allocated Limit for Honble MPs_2024.csv,
Madhya Pradesh,Constituency_371,MP_Name_371,22066922,Lok Sabha,Allocated Limit for Honble MPs_2024.csv,
Tamil Nadu,Constituency_372,MP_Name_372,20283871,Lok Sabha,Allocated Limit for Honble MPs_2024.csv,
Maharashtra,Constituency_373,MP_Name_373,39073699,Lok Sabha,Allocated Limit for Honble MPs_2024.csv,
West Bengal,Constituency_374,MP_Name_374,43053404,Lok Sabha,Allocated Limit for Honble MPs_2024.csv,
Uttar Pradesh,Constituency_375,MP_Name_375,36347178,Lok Sabha,Allocated Limit for Honble MPs_2024.csv,
Rajasthan,Constituency_376,MP_Name_376,37276519,Lok Sabha,Allocated Limit for Honble MPs_2024.csv,
Bihar,Constituency_377,MP_Name_377,20406303,Lok Sabha,Allocated Limit for Honble MPs_2024.csv,
Karnataka,Constituency_378,MP_Name_378,39665362,Lok Sabha,Allocated Limit for Honble MPs_2024.csv,
Gujarat,Constituency_379,MP_Name_379,26798289,Lok Sabha,Allocated Limit for Honble MPs_2024.csv,
Maharashtra,Constituency_380,MP_Name_380,47293516,Lok Sabha,Allocated Limit for Honble MPs_2024.csv,
Madhya Pradesh,Constituency_381,MP_Name_381,47584082,Lok Sabha,Allocated Limit for Honble MPs_2024.csv,
Gujarat,Constituency_382,MP_Name_382,43181761,Lok Sabha,Allocated Limit for Honble MPs_2024.csv,
Madhya Pradesh,Constituency_383,MP_Name_383,35864478,Lok Sabha,Allocated Limit for Honble MPs_2024.csv,
Karnataka,Constituency_384,MP_Name_384,34817994,Lok Sabha,Allocated Limit for Honble MPs_2024.csv,
Tamil Nadu,Constituency_385,MP_Name_385,40841228,Lok Sabha,Allocated Limit for Honble MPs_2024.csv,
West Bengal,Constituency_386,MP_Name_386,26422860,Lok Sabha,Allocated Limit for Honble MPs_2024.csv,
Gujarat,Constituency_387,MP_Name_387,40081583,Lok Sabha,Allocated Limit for Honble MPs_2024.csv,
Gujarat,Constituency_388,MP_Name_388,31007993,Lok Sabha,Allocated Limit for Honble MPs_2024.csv,
Bihar,Constituency_389,MP_Name_389,29224488,Lok Sabha,Allocated Limit for Honble MPs_2024.csv,
Madhya Pradesh,Constituency_390,MP_Name_390,20349473,Lok Sabha,Allocated Limit for Honble MPs_2024.csv,
Karnataka,Constituency_391,MP_Name_391,32739968,Lok Sabha,Allocated Limit for Honble MPs_2024.csv,
Gujarat,Constituency_392,MP_Name_392,44912193,Lok Sabha,Allocated Limit for Honble MPs_2024.csv,
Tamil Nadu,Constituency_393,MP_Name_393,47927969,Lok Sabha,Allocated Limit for Honble MPs_2024.csv,
Tamil Nadu,Constituency_394,MP_Name_394,20122658,Lok Sabha,Allocated Limit for Honble MPs_2024.csv,
West Bengal,Constituency_395,MP_Name_395,39984343,Lok Sabha,Allocated Limit for Honble MPs_2024.csv,
Madhya Pradesh,Constituency_396,MP_Name_396,34167926,Lok Sabha,Allocated Limit for Honble MPs_2024.csv,
Rajasthan,Constituency_397,MP_Name_397,23354728,Lok Sabha,Allocated Limit for Honble MPs_2024.csv,
Madhya Pradesh,Constituency_398,MP_Name_398,43252063,Lok Sabha,Allocated Limit for Honble MPs_2024.csv,
West Bengal,Constituency_399,MP_Name_399,35804404,Lok Sabha,Allocated Limit for Honble MPs_2024.csv,
Tamil Nadu,Constituency_400,MP_Name_400,48444452,Lok Sabha,Allocated Limit for Honble MPs_2024.csv,
Bihar,Constituency_401,MP_Name_401,26847965,Lok Sabha,Allocated Limit for Honble MPs_2024.csv,
Rajasthan,Constituency_402,MP_Name_402,29179259,Lok Sabha,Allocated Limit for Honble MPs_2024.csv,
Maharashtra,Constituency_403,MP_Name_403,35984117,Lok Sabha,Allocated Limit for Honble MPs_2024.csv,
Maharashtra,Constituency_404,MP_Name_404,20391414,Lok Sabha,Allocated Limit for Honble MPs_2024.csv,
Uttar Pradesh,Constituency_405,MP_Name_405,42485368,Lok Sabha,Allocated Limit for Honble MPs_2024.csv,
Tamil Nadu,Constituency_406,MP_Name_406,25583288,Lok Sabha,Allocated Limit for Honble MPs_2024.csv,
Maharashtra,Constituency_407,MP_Name_407,39824358,Lok Sabha,Allocated Limit for Honble MPs_2024.csv,
Karnataka,Constituency_408,MP_Name_408,46082968,Lok Sabha,Allocated Limit for Honble MPs_2024.csv,
Delhi,Constituency_409,MP_Name_409,32664194,Lok Sabha,Allocated Limit for Honble MPs_2024.csv,
Delhi,Constituency_410,MP_Name_410,44098102,Lok Sabha,Allocated Limit for Honble MPs_2024.csv,
Uttar Pradesh,Constituency_411,MP_Name_411,49543052,Lok Sabha,Allocated Limit for Honble MPs_2024.csv,
Delhi,Constituency_412,MP_Name_412,29543455,Lok Sabha,Allocated Limit for Honble MPs_2024.csv,
Uttar Pradesh,Constituency_413,MP_Name_413,24061463,Lok Sabha,Allocated Limit for Honble MPs_2024.csv,
Tamil Nadu,Constituency_414,MP_Name_414,33598738,Lok Sabha,Allocated Limit for Honble MPs_2024.csv,
Karnataka,Constituency_415,MP_Name_415,35134586,Lok Sabha,Allocated Limit for Honble MPs_2024.csv,
Gujarat,Constituency_416,MP_Name_416,47939767,Lok Sabha,Allocated Limit for Honble MPs_2024.csv,
Maharashtra,Constituency_417,MP_Name_417,34178947,Lok Sabha,Allocated Limit for Honble MPs_2024.csv,
Bihar,Constituency_418,MP_Name_418,47843813,Lok Sabha,Allocated Limit for Honble MPs_2024.csv,
West Bengal,Constituency_419,MP_Name_419,47179497,Lok Sabha,Allocated Limit for Honble MPs_2024.csv,
Karnataka,Constituency_420,MP_Name_420,24313089,Lok Sabha,Allocated Limit for Honble MPs_2024.csv,
Delhi,Constituency_421,MP_Name_421,48404919,Lok Sabha,Allocated Limit for Honble MPs_2024.csv,
Karnataka,Constituency_422,MP_Name_422,22889488,Lok Sabha,Allocated Limit for Honble MPs_2024.csv,
Delhi,Constituency_423,MP_Name_423,35127768,Lok Sabha,Allocated Limit for Honble MPs_2024.csv,
Karnataka,Constituency_424,MP_Name_424,29161372,Lok Sabha,Allocated Limit for Honble MPs_2024.csv,
Rajasthan,Constituency_425,MP_Name_425,30022445,Lok Sabha,Allocated Limit for Honble MPs_2024.csv,
Uttar Pradesh,Constituency_426,MP_Name_426,35753067,Lok Sabha,Allocated Limit for Honble MPs_2024.csv,
Karnataka,Constituency_427,MP_Name_427,48637253,Lok Sabha,Allocated Limit for Honble MPs_2024.csv,
Gujarat,Constituency_428,MP_Name_428,30288005,Lok Sabha,Allocated Limit for Honble MPs_2024.csv,
Tamil Nadu,Constituency_429,MP_Name_429,41679884,Lok Sabha,Allocated Limit for Honble MPs_2024.csv,
Tamil Nadu,Constituency_430,MP_Name_430,22977269,Lok Sabha,Allocated Limit for Honble MPs_2024.csv,
West Bengal,Constituency_431,MP_Name_431,38728448,Lok Sabha,Allocated Limit for Honble MPs_2024.csv,
Karnataka,Constituency_432,MP_Name_432,24709459,Lok Sabha,Allocated Limit for Honble MPs_2024.csv,
Delhi,Constituency_433,MP_Name_433,49135613,Lok Sabha,Allocated Limit for Honble MPs_2024.csv,
Tamil Nadu,Constituency_434,MP_Name_434,21138669,Lok Sabha,Allocated Limit for Honble MPs_2024.csv,
Uttar Pradesh,Constituency_435,MP_Name_435,32074067,Lok Sabha,Allocated Limit for Honble MPs_2024.csv,
Delhi,Constituency_436,MP_Name_436,48646132,Lok Sabha,Allocated Limit for Honble MPs_2024.csv,
West Bengal,Constituency_437,MP_Name_437,41141587,Lok Sabha,Allocated Limit for Honble MPs_2024.csv,
Rajasthan,Constituency_438,MP_Name_438,39697062,Lok Sabha,Allocated Limit for Honble MPs_2024.csv,
Bihar,Constituency_439,MP_Name_439,29733750,Lok Sabha,Allocated Limit for Honble MPs_2024.csv,
Tamil Nadu,Constituency_440,MP_Name_440,34560564,Lok Sabha,Allocated Limit for Honble MPs_2024.csv,
Bihar,Constituency_441,MP_Name_441,21525876,Lok Sabha,Allocated Limit for Honble MPs_2024.csv,
Uttar Pradesh,Constituency_442,MP_Name_442,29883547,Lok Sabha,Allocated Limit for Honble MPs_2024.csv,
Tamil Nadu,Constituency_443,MP_Name_443,34948574,Lok Sabha,Allocated Limit for Honble MPs_2024.csv,
Uttar Pradesh,Constituency_444,MP_Name_444,37324799,Lok Sabha,Allocated Limit for Honble MPs_2024.csv,
Karnataka,Constituency_445,MP_Name_445,29486378,Lok Sabha,Allocated Limit for Honble MPs_2024.csv,
Rajasthan,Constituency_446,MP_Name_446,26816406,Lok Sabha,Allocated Limit for Honble MPs_2024.csv,
Madhya Pradesh,Constituency_447,MP_Name_447,43144754,Lok Sabha,Allocated Limit for Honble MPs_2024.csv,
Bihar,Constituency_448,MP_Name_448,29277068,Lok Sabha,Allocated Limit for Honble MPs_2024.csv,
Tamil Nadu,Constituency_449,MP_Name_449,36304114,Lok Sabha,Allocated Limit for Honble MPs_2024.csv,
Gujarat,Constituency_450,MP_Name_450,39507385,Lok Sabha,Allocated Limit for Honble MPs_2024.csv,
Gujarat,Constituency_451,MP_Name_451,42657997,Lok Sabha,Allocated Limit for Honble MPs_2024.csv,
Gujarat,Constituency_452,MP_Name_452,48349461,Lok Sabha,Allocated Limit for Honble MPs_2024.csv,
Uttar Pradesh,Constituency_453,MP_Name_453,28338395,Lok Sabha,Allocated Limit for Honble MPs_2024.csv,
Karnataka,Constituency_454,MP_Name_454,33411939,Lok Sabha,Allocated Limit for Honble MPs_2024.csv,
Rajasthan,Constituency_455,MP_Name_455,32761271,Lok Sabha,Allocated Limit for Honble MPs_2024.csv,
Maharashtra,Constituency_456,MP_Name_456,25651222,Lok Sabha,Allocated Limit for Honble MPs_2024.csv,
Tamil Nadu,Constituency_457,MP_Name_457,34225488,Lok Sabha,Allocated Limit for Honble MPs_2024.csv,
West Bengal,Constituency_458,MP_Name_458,22079482,Lok Sabha,Allocated Limit for Honble MPs_2024.csv,
Delhi,Constituency_459,MP_Name_459,42797264,Lok Sabha,Allocated Limit for Honble MPs_2024.csv,
Maharashtra,Constituency_460,MP_Name_460,46907464,Lok Sabha,Allocated Limit for Honble MPs_2024.csv,
Maharashtra,Constituency_461,MP_Name_461,36147817,Lok Sabha,Allocated Limit for Honble MPs_2024.csv,
Tamil Nadu,Constituency_462,MP_Name_462,22378180,Lok Sabha,Allocated Limit for Honble MPs_2024.csv,
Karnataka,Constituency_463,MP_Name_463,40532043,Lok Sabha,Allocated Limit for Honble MPs_2024.csv,
Uttar Pradesh,Constituency_464,MP_Name_464,45870800,Lok Sabha,Allocated Limit for Honble MPs_2024.csv,
Karnataka,Constituency_465,MP_Name_465,33812275,Lok Sabha,Allocated Limit for Honble MPs_2024.csv,
Tamil Nadu,Constituency_466,MP_Name_466,40188756,Lok Sabha,Allocated Limit for Honble MPs_2024.csv,
Bihar,Constituency_467,MP_Name_467,25127329,Lok Sabha,Allocated Limit for Honble MPs_2024.csv,
West Bengal,Constituency_468,MP_Name_468,21650792,Lok Sabha,Allocated Limit for Honble MPs_2024.csv,
Gujarat,Constituency_469,MP_Name_469,37924309,Lok Sabha,Allocated Limit for Honble MPs_2024.csv,
Madhya Pradesh,Constituency_470,MP_Name_470,21789317,Lok Sabha,Allocated Limit for Honble MPs_2024.csv,
Madhya Pradesh,Constituency_471,MP_Name_471,21146645,Lok Sabha,Allocated Limit for Honble MPs_2024.csv,
Karnataka,Constituency_472,MP_Name_472,46822745,Lok Sabha,Allocated Limit for Honble MPs_2024.csv,
Karnataka,Constituency_473,MP_Name_473,37056562,Lok Sabha,Allocated Limit for Honble MPs_2024.csv,
Karnataka,Constituency_474,MP_Name_474,40860271,Lok Sabha,Allocated Limit for Honble MPs_2024.csv,
Bihar,Constituency_475,MP_Name_475,36370386,Lok Sabha,Allocated Limit for Honble MPs_2024.csv,
Gujarat,Constituency_476,MP_Name_476,40922251,Lok Sabha,Allocated Limit for Honble MPs_2024.csv,
Delhi,Constituency_477,MP_Name_477,41530631,Lok Sabha,Allocated Limit for Honble MPs_2024.csv,
Karnataka,Constituency_478,MP_Name_478,28505342,Lok Sabha,Allocated Limit for Honble MPs_2024.csv,
West Bengal,Constituency_479,MP_Name_479,23055873,Lok Sabha,Allocated Limit for Honble MPs_2024.csv,
West Bengal,Constituency_480,MP_Name_480,29724438,Lok Sabha,Allocated Limit for Honble MPs_2024.csv,
Maharashtra,Constituency_481,MP_Name_481,26621781,Lok Sabha,Allocated Limit for Honble MPs_2024.csv,
Maharashtra,Constituency_482,MP_Name_482,42740627,Lok Sabha,Allocated Limit for Honble MPs_2024.csv,
Tamil Nadu,Constituency_483,MP_Name_483,49560894,Lok Sabha,Allocated Limit for Honble MPs_2024.csv,
Karnataka,Constituency_484,MP_Name_484,48626806,Lok Sabha,Allocated Limit for Honble MPs_2024.csv,
Delhi,Constituency_485,MP_Name_485,40402543,Lok Sabha,Allocated Limit for Honble MPs_2024.csv,
Maharashtra,Constituency_486,MP_Name_486,40163263,Lok Sabha,Allocated Limit for Honble MPs_2024.csv,
West Bengal,Constituency_487,MP_Name_487,37017694,Lok Sabha,Allocated Limit for Honble MPs_2024.csv,
Delhi,Constituency_488,MP_Name_488,32967492,Lok Sabha,Allocated Limit for Honble MPs_2024.csv,
Bihar,Constituency_489,MP_Name_489,37724042,Lok Sabha,Allocated Limit for Honble MPs_2024.csv,
West Bengal,Constituency_490,MP_Name_490,40329302,Lok Sabha,Allocated Limit for Honble MPs_2024.csv,
Bihar,Constituency_491,MP_Name_491,22657586,Lok Sabha,Allocated Limit for Honble MPs_2024.csv,
Rajasthan,Constituency_492,MP_Name_492,32568564,Lok Sabha,Allocated Limit for Honble MPs_2024.csv,
Maharashtra,Constituency_493,MP_Name_493,44605119,Lok Sabha,Allocated Limit for Honble MPs_2024.csv,
Uttar Pradesh,Constituency_494,MP_Name_494,40670036,Lok Sabha,Allocated Limit for Honble MPs_2024.csv,
Gujarat,Constituency_495,MP_Name_495,39694077,Lok Sabha,Allocated Limit for Honble MPs_2024.csv,
Delhi,Constituency_496,MP_Name_496,25069375,Lok Sabha,Allocated Limit for Honble MPs_2024.csv,
Gujarat,Constituency_497,MP_Name_497,43821615,Lok Sabha,Allocated Limit for Honble MPs_2024.csv,
Rajasthan,Constituency_498,MP_Name_498,34052446,Lok Sabha,Allocated Limit for Honble MPs_2024.csv,
Rajasthan,Constituency_499,MP_Name_499,45221030,Lok Sabha,Allocated Limit for Honble MPs_2024.csv,
Gujarat,Constituency_500,MP_Name_500,27345975,Lok Sabha,Allocated Limit for Honble MPs_2024.csv,
Delhi,Constituency_501,MP_Name_501,32580857,Lok Sabha,Allocated Limit for Honble MPs_2024.csv,
Gujarat,Constituency_502,MP_Name_502,37137870,Lok Sabha,Allocated Limit for Honble MPs_2024.csv,
Karnataka,Constituency_503,MP_Name_503,24156206,Lok Sabha,Allocated Limit for Honble MPs_2024.csv,
Bihar,Constituency_504,MP_Name_504,26825555,Lok Sabha,Allocated Limit for Honble MPs_2024.csv,
Rajasthan,Constituency_505,MP_Name_505,47761447,Lok Sabha,Allocated Limit for Honble MPs_2024.csv,
Tamil Nadu,Constituency_506,MP_Name_506,24504201,Lok Sabha,Allocated Limit for Honble MPs_2024.csv,
Gujarat,Constituency_507,MP_Name_507,23729233,Lok Sabha,Allocated Limit for Honble MPs_2024.csv,
West Bengal,Constituency_508,MP_Name_508,21894472,Lok Sabha,Allocated Limit for Honble MPs_2024.csv,
Karnataka,Constituency_509,MP_Name_509,27931600,Lok Sabha,Allocated Limit for Honble MPs_2024.csv,
West Bengal,Constituency_510,MP_Name_510,22373589,Lok Sabha,Allocated Limit for Honble MPs_2024.csv,
Karnataka,Constituency_511,MP_Name_511,22646089,Lok Sabha,Allocated Limit for Honble MPs_2024.csv,
West Bengal,Constituency_512,MP_Name_512,47531059,Lok Sabha,Allocated Limit for Honble MPs_2024.csv,
Maharashtra,Constituency_513,MP_Name_513,36602964,Lok Sabha,Allocated Limit for Honble MPs_2024.csv,
Madhya Pradesh,Constituency_514,MP_Name_514,22268524,Lok Sabha,Allocated Limit for Honble MPs_2024.csv,
Maharashtra,Constituency_515,MP_Name_515,36871341,Lok Sabha,Allocated Limit for Honble MPs_2024.csv,
Delhi,Constituency_516,MP_Name_516,23862310,Lok Sabha,Allocated Limit for Honble MPs_2024.csv,
Rajasthan,Constituency_517,MP_Name_517,42215702,Lok Sabha,Allocated Limit for Honble MPs_2024.csv,
Rajasthan,Constituency_518,MP_Name_518,25874407,Lok Sabha,Allocated Limit for Honble MPs_2024.csv,
Karnataka,Constituency_519,MP_Name_519,36560509,Lok Sabha,Allocated Limit for Honble MPs_2024.csv,
West Bengal,Constituency_520,MP_Name_520,24926006,Lok Sabha,Allocated Limit for Honble MPs_2024.csv,
Karnataka,Constituency_521,MP_Name_521,37850152,Lok Sabha,Allocated Limit for Honble MPs_2024.csv,
Delhi,Constituency_522,MP_Name_522,40123876,Lok Sabha,Allocated Limit for Honble MPs_2024.csv,
Madhya Pradesh,Constituency_523,MP_Name_523,49800882,Lok Sabha,Allocated Limit for Honble MPs_2024.csv,
Tamil Nadu,Constituency_524,MP_Name_524,45926734,Lok Sabha,Allocated Limit for Honble MPs_2024.csv,
Bihar,Constituency_525,MP_Name_525,33215716,Lok Sabha,Allocated Limit for Honble MPs_2024.csv,
West Bengal,Constituency_526,MP_Name_526,47580853,Lok Sabha,Allocated Limit for Honble MPs_2024.csv,
Madhya Pradesh,Constituency_527,MP_Name_527,23029700,Lok Sabha,Allocated Limit for Honble MPs_2024.csv,
Madhya Pradesh,Constituency_528,MP_Name_528,32749517,Lok Sabha,Allocated Limit for Honble MPs_2024.csv,
Maharashtra,Constituency_529,MP_Name_529,36456041,Lok Sabha,Allocated Limit for Honble MPs_2024.csv,
Rajasthan,Constituency_530,MP_Name_530,31243779,Lok Sabha,Allocated Limit for Honble MPs_2024.csv,
Karnataka,Constituency_531,MP_Name_531,30378403,Lok Sabha,Allocated Limit for Honble MPs_2024.csv,
Rajasthan,Constituency_532,MP_Name_532,29400105,Lok Sabha,Allocated Limit for Honble MPs_2024.csv,
Maharashtra,Constituency_533,MP_Name_533,32075113,Lok Sabha,Allocated Limit for Honble MPs_2024.csv,
Bihar,Constituency_534,MP_Name_534,43295538,Lok Sabha,Allocated Limit for Honble MPs_2024.csv,
Tamil Nadu,Constituency_535,MP_Name_535,29425860,Lok Sabha,Allocated Limit for Honble MPs_2024.csv,
Gujarat,Constituency_536,MP_Name_536,42508036,Lok Sabha,Allocated Limit for Honble MPs_2024.csv,
Tamil Nadu,Constituency_537,MP_Name_537,24967378,Lok Sabha,Allocated Limit for Honble MPs_2024.csv,
Karnataka,Constituency_538,MP_Name_538,27284203,Lok Sabha,Allocated Limit for Honble MPs_2024.csv,
Tamil Nadu,Constituency_539,MP_Name_539,25899695,Lok Sabha,Allocated Limit for Honble MPs_2024.csv,
Madhya Pradesh,Constituency_540,MP_Name_540,33975835,Lok Sabha,Allocated Limit for Honble MPs_2024.csv,
Tamil Nadu,Constituency_541,MP_Name_541,23789747,Lok Sabha,Allocated Limit for Honble MPs_2024.csv,
Rajasthan,Constituency_542,MP_Name_542,35283178,Lok Sabha,Allocated Limit for Honble MPs_2024.csv,
Maharashtra,Constituency_543,MP_Name_543,49285073,Lok Sabha,Allocated Limit for Honble MPs_2024.csv,
West Bengal,Constituency_1,MP_Name_1,33793150,Rajya Sabha,Allocated Limit for Honble MPs_2024.csv,
Madhya Pradesh,Constituency_2,MP_Name_2,35726049,Rajya Sabha,Allocated Limit for Honble MPs_2024.csv,
West Bengal,Constituency_3,MP_Name_3,46159138,Rajya Sabha,Allocated Limit for Honble MPs_2024.csv,
West Bengal,Constituency_4,MP_Name_4,43082047,Rajya Sabha,Allocated Limit for Honble MPs_2024.csv,
Karnataka,Constituency_5,MP_Name_5,31425480,Rajya Sabha,Allocated Limit for Honble MPs_2024.csv,
Maharashtra,Constituency_6,MP_Name_6,38921424,Rajya Sabha,Allocated Limit for Honble MPs_2024.csv,
Karnataka,Constituency_7,MP_Name_7,22485938,Rajya Sabha,Allocated Limit for Honble MPs_2024.csv,
West Bengal,Constituency_8,MP_Name_8,20262725,Rajya Sabha,Allocated Limit for Honble MPs_2024.csv,
Rajasthan,Constituency_9,MP_Name_9,24659847,Rajya Sabha,Allocated Limit for Honble MPs_2024.csv,
Maharashtra,Constituency_10,MP_Name_10,26605739,Rajya Sabha,Allocated Limit for Honble MPs_2024.csv,
Uttar Pradesh,Constituency_11,MP_Name_11,28200254,Rajya Sabha,Allocated Limit for Honble MPs_2024.csv,
Delhi,Constituency_12,MP_Name_12,32905957,Rajya Sabha,Allocated Limit for Honble MPs_2024.csv,
Rajasthan,Constituency_13,MP_Name_13,29709396,Rajya Sabha,Allocated Limit for Honble MPs_2024.csv,
Madhya Pradesh,Constituency_14,MP_Name_14,45955208,Rajya Sabha,Allocated Limit for Honble MPs_2024.csv,
Delhi,Constituency_15,MP_Name_15,25151620,Rajya Sabha,Allocated Limit for Honble MPs_2024.csv,
Karnataka,Constituency_16,MP_Name_16,40091304,Rajya Sabha,Allocated Limit for Honble MPs_2024.csv,
West Bengal,Constituency_17,MP_Name_17,46149389,Rajya Sabha,Allocated Limit for Honble MPs_2024.csv,
West Bengal,Constituency_18,MP_Name_18,43055015,Rajya Sabha,Allocated Limit for Honble MPs_2024.csv,
Tamil Nadu,Constituency_19,MP_Name_19,39967431,Rajya Sabha,Allocated Limit for Honble MPs_2024.csv,
Rajasthan,Constituency_20,MP_Name_20,33808630,Rajya Sabha,Allocated Limit for Honble MPs_2024.csv,
Uttar Pradesh,Constituency_21,MP_Name_21,38619312,Rajya Sabha,Allocated Limit for Honble MPs_2024.csv,
Gujarat,Constituency_22,MP_Name_22,35792228,Rajya Sabha,Allocated Limit for Honble MPs_2024.csv,
Delhi,Constituency_23,MP_Name_23,45160900,Rajya Sabha,Allocated Limit for Honble MPs_2024.csv,
Bihar,Constituency_24,MP_Name_24,30536523,Rajya Sabha,Allocated Limit for Honble MPs_2024.csv,
West Bengal,Constituency_25,MP_Name_25,44514846,Rajya Sabha,Allocated Limit for Honble MPs_2024.csv,
Karnataka,Constituency_26,MP_Name_26,44265504,Rajya Sabha,Allocated Limit for Honble MPs_2024.csv,
Rajasthan,Constituency_27,MP_Name_27,46094265,Rajya Sabha,Allocated Limit for Honble MPs_2024.csv,
Karnataka,Constituency_28,MP_Name_28,20874663,Rajya Sabha,Allocated Limit for Honble MPs_2024.csv,
Bihar,Constituency_29,MP_Name_29,31926953,Rajya Sabha,Allocated Limit for Honble MPs_2024.csv,
Maharashtra,Constituency_30,MP_Name_30,30132739,Rajya Sabha,Allocated Limit for Honble MPs_2024.csv,
Bihar,Constituency_31,MP_Name_31,23585113,Rajya Sabha,Allocated Limit for Honble MPs_2024.csv,
Uttar Pradesh,Constituency_32,MP_Name_32,32974995,Rajya Sabha,Allocated Limit for Honble MPs_2024.csv,
Uttar Pradesh,Constituency_33,MP_Name_33,46695349,Rajya Sabha,Allocated Limit for Honble MPs_2024.csv,
Madhya Pradesh,Constituency_34,MP_Name_34,33211591,Rajya Sabha,Allocated Limit for Honble MPs_2024.csv,
Gujarat,Constituency_35,MP_Name_35,39572369,Rajya Sabha,Allocated Limit for Honble MPs_2024.csv,
West Bengal,Constituency_36,MP_Name_36,37499544,Rajya Sabha,Allocated Limit for Honble MPs_2024.csv,
Madhya Pradesh,Constituency_37,MP_Name_37,24859736,Rajya Sabha,Allocated Limit for Honble MPs_2024.csv,
Karnataka,Constituency_38,MP_Name_38,44897310,Rajya Sabha,Allocated Limit for Honble MPs_2024.csv,
West Bengal,Constituency_39,MP_Name_39,25993051,Rajya Sabha,Allocated Limit for Honble MPs_2024.csv,
Gujarat,Constituency_40,MP_Name_40,26499462,Rajya Sabha,Allocated Limit for Honble MPs_2024.csv,
Rajasthan,Constituency_41,MP_Name_41,40936681,Rajya Sabha,Allocated Limit for Honble MPs_2024.csv,
West Bengal,Constituency_42,MP_Name_42,38597446,Rajya Sabha,Allocated Limit for Honble MPs_2024.csv,
Delhi,Constituency_43,MP_Name_43,22536475,Rajya Sabha,Allocated Limit for Honble MPs_2024.csv,
Maharashtra,Constituency_44,MP_Name_44,32574691,Rajya Sabha,Allocated Limit for Honble MPs_2024.csv,
West Bengal,Constituency_45,MP_Name_45,48444263,Rajya Sabha,Allocated Limit for Honble MPs_2024.csv,
Gujarat,Constituency_46,MP_Name_46,34782991,Rajya Sabha,Allocated Limit for Honble MPs_2024.csv,
Maharashtra,Constituency_47,MP_Name_47,46766992,Rajya Sabha,Allocated Limit for Honble MPs_2024.csv,
West Bengal,Constituency_48,MP_Name_48,47992855,Rajya Sabha,Allocated Limit for Honble MPs_2024.csv,
Tamil Nadu,Constituency_49,MP_Name_49,37081742,Rajya Sabha,Allocated Limit for Honble MPs_2024.csv,
Delhi,Constituency_50,MP_Name_50,40445214,Rajya Sabha,Allocated Limit for Honble MPs_2024.csv,
Uttar Pradesh,Constituency_51,MP_Name_51,25518459,Rajya Sabha,Allocated Limit for Honble MPs_2024.csv,
Delhi,Constituency_52,MP_Name_52,43652821,Rajya Sabha,Allocated Limit for Honble MPs_2024.csv,
Bihar,Constituency_53,MP_Name_53,26007002,Rajya Sabha,Allocated Limit for Honble MPs_2024.csv,
Delhi,Constituency_54,MP_Name_54,34113850,Rajya Sabha,Allocated Limit for Honble MPs_2024.csv,
Uttar Pradesh,Constituency_55,MP_Name_55,38647853,Rajya Sabha,Allocated Limit for Honble MPs_2024.csv,
Karnataka,Constituency_56,MP_Name_56,21204477,Rajya Sabha,Allocated Limit for Honble MPs_2024.csv,
Rajasthan,Constituency_57,MP_Name_57,36963167,Rajya Sabha,Allocated Limit for Honble MPs_2024.csv,
Karnataka,Constituency_58,MP_Name_58,31659339,Rajya Sabha,Allocated Limit for Honble MPs_2024.csv,
Maharashtra,Constituency_59,MP_Name_59,33952660,Rajya Sabha,Allocated Limit for Honble MPs_2024.csv,
West Bengal,Constituency_60,MP_Name_60,46236437,Rajya Sabha,Allocated Limit for Honble MPs_2024.csv,
Tamil Nadu,Constituency_61,MP_Name_61,35337686,Rajya Sabha,Allocated Limit for Honble MPs_2024.csv,
Uttar Pradesh,Constituency_62,MP_Name_62,22538739,Rajya Sabha,Allocated Limit for Honble MPs_2024.csv,
Madhya Pradesh,Constituency_63,MP_Name_63,48090648,Rajya Sabha,Allocated Limit for Honble MPs_2024.csv,
Delhi,Constituency_64,MP_Name_64,38289711,Rajya Sabha,Allocated Limit for Honble MPs_2024.csv,
Tamil Nadu,Constituency_65,MP_Name_65,41743019,Rajya Sabha,Allocated Limit for Honble MPs_2024.csv,
Gujarat,Constituency_66,MP_Name_66,38331029,Rajya Sabha,Allocated Limit for Honble MPs_2024.csv,
Madhya Pradesh,Constituency_67,MP_Name_67,42428072,Rajya Sabha,Allocated Limit for Honble MPs_2024.csv,
Karnataka,Constituency_68,MP_Name_68,37085002,Rajya Sabha,Allocated Limit for Honble MPs_2024.csv,
Delhi,Constituency_69,MP_Name_69,31679189,Rajya Sabha,Allocated Limit for Honble MPs_2024.csv,
Maharashtra,Constituency_70,MP_Name_70,35631853,Rajya Sabha,Allocated Limit for Honble MPs_2024.csv,
Madhya Pradesh,Constituency_71,MP_Name_71,49354057,Rajya Sabha,Allocated Limit for Honble MPs_2024.csv,
Delhi,Constituency_72,MP_Name_72,40639956,Rajya Sabha,Allocated Limit for Honble MPs_2024.csv,
Bihar,Constituency_73,MP_Name_73,48388949,Rajya Sabha,Allocated Limit for Honble MPs_2024.csv,
Karnataka,Constituency_74,MP_Name_74,36051531,Rajya Sabha,Allocated Limit for Honble MPs_2024.csv,
Maharashtra,Constituency_75,MP_Name_75,45018063,Rajya Sabha,Allocated Limit for Honble MPs_2024.csv,
Maharashtra,Constituency_76,MP_Name_76,30286531,Rajya Sabha,Allocated Limit for Honble MPs_2024.csv,
Maharashtra,Constituency_77,MP_Name_77,35919980,Rajya Sabha,Allocated Limit for Honble MPs_2024.csv,
Gujarat,Constituency_78,MP_Name_78,20263587,Rajya Sabha,Allocated Limit for Honble MPs_2024.csv,
Gujarat,Constituency_79,MP_Name_79,29125280,Rajya Sabha,Allocated Limit for Honble MPs_2024.csv,
Madhya Pradesh,Constituency_80,MP_Name_80,41764916,Rajya Sabha,Allocated Limit for Honble MPs_2024.csv,
Tamil Nadu,Constituency_81,MP_Name_81,28846563,Rajya Sabha,Allocated Limit for Honble MPs_2024.csv,
Karnataka,Constituency_82,MP_Name_82,30055772,Rajya Sabha,Allocated Limit for Honble MPs_2024.csv,
Karnataka,Constituency_83,MP_Name_83,36488438,Rajya Sabha,Allocated Limit for Honble MPs_2024.csv,
Bihar,Constituency_84,MP_Name_84,47537374,Rajya Sabha,Allocated Limit for Honble MPs_2024.csv,
Maharashtra,Constituency_85,MP_Name_85,39827828,Rajya Sabha,Allocated Limit for Honble MPs_2024.csv,
Rajasthan,Constituency_86,MP_Name_86,35758482,Rajya Sabha,Allocated Limit for Honble MPs_2024.csv,
Bihar,Constituency_87,MP_Name_87,25221282,Rajya Sabha,Allocated Limit for Honble MPs_2024.csv,
Maharashtra,Constituency_88,MP_Name_88,27666502,Rajya Sabha,Allocated Limit for Honble MPs_2024.csv,
Rajasthan,Constituency_89,MP_Name_89,45362394,Rajya Sabha,Allocated Limit for Honble MPs_2024.csv,
Bihar,Constituency_90,MP_Name_90,45495487,Rajya Sabha,Allocated Limit for Honble MPs_2024.csv,
Karnataka,Constituency_91,MP_Name_91,34195511,Rajya Sabha,Allocated Limit for Honble MPs_2024.csv,
Karnataka,Constituency_92,MP_Name_92,25186332,Rajya Sabha,Allocated Limit for Honble MPs_2024.csv,
Gujarat,Constituency_93,MP_Name_93,28348850,Rajya Sabha,Allocated Limit for Honble MPs_2024.csv,
Maharashtra,Constituency_94,MP_Name_94,41651051,Rajya Sabha,Allocated Limit for Honble MPs_2024.csv,
West Bengal,Constituency_95,MP_Name_95,21779696,Rajya Sabha,Allocated Limit for Honble MPs_2024.csv,
Uttar Pradesh,Constituency_96,MP_Name_96,32954919,Rajya Sabha,Allocated Limit for Honble MPs_2024.csv,
Gujarat,Constituency_97,MP_Name_97,33239595,Rajya Sabha,Allocated Limit for Honble MPs_2024.csv,
Bihar,Constituency_98,MP_Name_98,39540343,Rajya Sabha,Allocated Limit for Honble MPs_2024.csv,
Gujarat,Constituency_99,MP_Name_99,20639635,Rajya Sabha,Allocated Limit for Honble MPs_2024.csv,
Gujarat,Constituency_100,MP_Name_100,22608910,Rajya Sabha,Allocated Limit for Honble MPs_2024.csv,
Uttar Pradesh,Constituency_101,MP_Name_101,39380116,Rajya Sabha,Allocated Limit for Honble MPs_2024.csv,
Rajasthan,Constituency_102,MP_Name_102,26802139,Rajya Sabha,Allocated Limit for Honble MPs_2024.csv,
Delhi,Constituency_103,MP_Name_103,40833166,Rajya Sabha,Allocated Limit for Honble MPs_2024.csv,
Karnataka,Constituency_104,MP_Name_104,36418110,Rajya Sabha,Allocated Limit for Honble MPs_2024.csv,
Bihar,Constituency_105,MP_Name_105,24980716,Rajya Sabha,Allocated Limit for Honble MPs_2024.csv,
Tamil Nadu,Constituency_106,MP_Name_106,36403038,Rajya Sabha,Allocated Limit for Honble MPs_2024.csv,
Maharashtra,Constituency_107,MP_Name_107,27412222,Rajya Sabha,Allocated Limit for Honble MPs_2024.csv,
Maharashtra,Constituency_108,MP_Name_108,48321568,Rajya Sabha,Allocated Limit for Honble MPs_2024.csv,
Delhi,Constituency_109,MP_Name_109,29158089,Rajya Sabha,Allocated Limit for Honble MPs_2024.csv,
Maharashtra,Constituency_110,MP_Name_110,29368865,Rajya Sabha,Allocated Limit for Honble MPs_2024.csv,
Bihar,Constituency_111,MP_Name_111,28598208,Rajya Sabha,Allocated Limit for Honble MPs_2024.csv,
Maharashtra,Constituency_112,MP_Name_112,26385697,Rajya Sabha,Allocated Limit for Honble MPs_2024.csv,
Rajasthan,Constituency_113,MP_Name_113,37147083,Rajya Sabha,Allocated Limit for Honble MPs_2024.csv,
Gujarat,Constituency_114,MP_Name_114,46540347,Rajya Sabha,Allocated Limit for Honble MPs_2024.csv,
Karnataka,Constituency_115,MP_Name_115,45737164,Rajya Sabha,Allocated Limit for Honble MPs_2024.csv,
Delhi,Constituency_116,MP_Name_116,38927724,Rajya Sabha,Allocated Limit for Honble MPs_2024.csv,
Bihar,Constituency_117,MP_Name_117,33031321,Rajya Sabha,Allocated Limit for Honble MPs_2024.csv,
Tamil Nadu,Constituency_118,MP_Name_118,30566171,Rajya Sabha,Allocated Limit for Honble MPs_2024.csv,
Madhya Pradesh,Constituency_119,MP_Name_119,41341306,Rajya Sabha,Allocated Limit for Honble MPs_2024.csv,
Maharashtra,Constituency_120,MP_Name_120,21843543,Rajya Sabha,Allocated Limit for Honble MPs_2024.csv,
Gujarat,Constituency_121,MP_Name_121,29653512,Rajya Sabha,Allocated Limit for Honble MPs_2024.csv,
West Bengal,Constituency_122,MP_Name_122,41898659,Rajya Sabha,Allocated Limit for Honble MPs_2024.csv,
Gujarat,Constituency_123,MP_Name_123,37642086,Rajya Sabha,Allocated Limit for Honble MPs_2024.csv,
Gujarat,Constituency_124,MP_Name_124,28835897,Rajya Sabha,Allocated Limit for Honble MPs_2024.csv,
Bihar,Constituency_125,MP_Name_125,21789942,Rajya Sabha,Allocated Limit for Honble MPs_2024.csv,
Delhi,Constituency_126,MP_Name_126,48525585,Rajya Sabha,Allocated Limit for Honble MPs_2024.csv,
West Bengal,Constituency_127,MP_Name_127,29155727,Rajya Sabha,Allocated Limit for Honble MPs_2024.csv,
Madhya Pradesh,Constituency_128,MP_Name_128,40497296,Rajya Sabha,Allocated Limit for Honble MPs_2024.csv,
Delhi,Constituency_129,MP_Name_129,33585383,Rajya Sabha,Allocated Limit for Honble MPs_2024.csv,
Rajasthan,Constituency_130,MP_Name_130,40152995,Rajya Sabha,Allocated Limit for Honble MPs_2024.csv,
Tamil Nadu,Constituency_131,MP_Name_131,47758288,Rajya Sabha,Allocated Limit for Honble MPs_2024.csv,
Madhya Pradesh,Constituency_132,MP_Name_132,25830716,Rajya Sabha,Allocated Limit for Honble MPs_2024.csv,
West Bengal,Constituency_133,MP_Name_133,26492167,Rajya Sabha,Allocated Limit for Honble MPs_2024.csv,
Rajasthan,Constituency_134,MP_Name_134,37782696,Rajya Sabha,Allocated Limit for Honble MPs_2024.csv,
Rajasthan,Constituency_135,MP_Name_135,37400632,Rajya Sabha,Allocated Limit for Honble MPs_2024.csv,
Karnataka,Constituency_136,MP_Name_136,29147253,Rajya Sabha,Allocated Limit for Honble MPs_2024.csv,
Delhi,Constituency_137,MP_Name_137,20837946,Rajya Sabha,Allocated Limit for Honble MPs_2024.csv,
Rajasthan,Constituency_138,MP_Name_138,33786234,Rajya Sabha,Allocated Limit for Honble MPs_2024.csv,
Gujarat,Constituency_139,MP_Name_139,21752988,Rajya Sabha,Allocated Limit for Honble MPs_2024.csv,
Madhya Pradesh,Constituency_140,MP_Name_140,41016363,Rajya Sabha,Allocated Limit for Honble MPs_2024.csv,
Karnataka,Constituency_141,MP_Name_141,30779611,Rajya Sabha,Allocated Limit for Honble MPs_2024.csv,
Maharashtra,Constituency_142,MP_Name_142,21367061,Rajya Sabha,Allocated Limit for Honble MPs_2024.csv,
Gujarat,Constituency_143,MP_Name_143,49762937,Rajya Sabha,Allocated Limit for Honble MPs_2024.csv,
Madhya Pradesh,Constituency_144,MP_Name_144,22281437,Rajya Sabha,Allocated Limit for Honble MPs_2024.csv,
Gujarat,Constituency_145,MP_Name_145,32542855,Rajya Sabha,Allocated Limit for Honble MPs_2024.csv,
Karnataka,Constituency_146,MP_Name_146,39878681,Rajya Sabha,Allocated Limit for Honble MPs_2024.csv,
Karnataka,Constituency_147,MP_Name_147,28268167,Rajya Sabha,Allocated Limit for Honble MPs_2024.csv,
Maharashtra,Constituency_148,MP_Name_148,40264283,Rajya Sabha,Allocated Limit for Honble MPs_2024.csv,
Maharashtra,Constituency_149,MP_Name_149,47655568,Rajya Sabha,Allocated Limit for Honble MPs_2024.csv,
Uttar Pradesh,Constituency_150,MP_Name_150,37117347,Rajya Sabha,Allocated Limit for Honble MPs_2024.csv,
Bihar,Constituency_151,MP_Name_151,42885952,Rajya Sabha,Allocated Limit for Honble MPs_2024.csv,
Rajasthan,Constituency_152,MP_Name_152,47516680,Rajya Sabha,Allocated Limit for Honble MPs_2024.csv,
Gujarat,Constituency_153,MP_Name_153,23599637,Rajya Sabha,Allocated Limit for Honble MPs_2024.csv,
Karnataka,Constituency_154,MP_Name_154,42913473,Rajya Sabha,Allocated Limit for Honble MPs_2024.csv,
Bihar,Constituency_155,MP_Name_155,38928872,Rajya Sabha,Allocated Limit for Honble MPs_2024.csv,
Karnataka,Constituency_156,MP_Name_156,38901602,Rajya Sabha,Allocated Limit for Honble MPs_2024.csv,
Karnataka,Constituency_157,MP_Name_157,47111103,Rajya Sabha,Allocated Limit for Honble MPs_2024.csv,
Gujarat,Constituency_158,MP_Name_158,38482564,Rajya Sabha,Allocated Limit for Honble MPs_2024.csv,
West Bengal,Constituency_159,MP_Name_159,35204745,Rajya Sabha,Allocated Limit for Honble MPs_2024.csv,
Rajasthan,Constituency_160,MP_Name_160,42604160,Rajya Sabha,Allocated Limit for Honble MPs_2024.csv,
Madhya Pradesh,Constituency_161,MP_Name_161,44056523,Rajya Sabha,Allocated Limit for Honble MPs_2024.csv,
Tamil Nadu,Constituency_162,MP_Name_162,22927563,Rajya Sabha,Allocated Limit for Honble MPs_2024.csv,
West Bengal,Constituency_163,MP_Name_163,44503719,Rajya Sabha,Allocated Limit for Honble MPs_2024.csv,
Bihar,Constituency_164,MP_Name_164,28806169,Rajya Sabha,Allocated Limit for Honble MPs_2024.csv,
West Bengal,Constituency_165,MP_Name_165,25649988,Rajya Sabha,Allocated Limit for Honble MPs_2024.csv,
West Bengal,Constituency_166,MP_Name_166,22268108,Rajya Sabha,Allocated Limit for Honble MPs_2024.csv,
Madhya Pradesh,Constituency_167,MP_Name_167,27927530,Rajya Sabha,Allocated Limit for Honble MPs_2024.csv,
Karnataka,Constituency_168,MP_Name_168,31925626,Rajya Sabha,Allocated Limit for Honble MPs_2024.csv,
Bihar,Constituency_169,MP_Name_169,33706845,Rajya Sabha,Allocated Limit for Honble MPs_2024.csv,
Bihar,Constituency_170,MP_Name_170,43406430,Rajya Sabha,Allocated Limit for Honble MPs_2024.csv,
Karnataka,Constituency_171,MP_Name_171,32684263,Rajya Sabha,Allocated Limit for Honble MPs_2024.csv,
Bihar,Constituency_172,MP_Name_172,44544197,Rajya Sabha,Allocated Limit for Honble MPs_2024.csv,
Delhi,Constituency_173,MP_Name_173,41643617,Rajya Sabha,Allocated Limit for Honble MPs_2024.csv,
West Bengal,Constituency_174,MP_Name_174,39229185,Rajya Sabha,Allocated Limit for Honble MPs_2024.csv,
Tamil Nadu,Constituency_175,MP_Name_175,21404505,Rajya Sabha,Allocated Limit for Honble MPs_2024.csv,
Rajasthan,Constituency_176,MP_Name_176,20518204,Rajya Sabha,Allocated Limit for Honble MPs_2024.csv,
Delhi,Constituency_177,MP_Name_177,34498370,Rajya Sabha,Allocated Limit for Honble MPs_2024.csv,
Rajasthan,Constituency_178,MP_Name_178,21895783,Rajya Sabha,Allocated Limit for Honble MPs_2024.csv,
Karnataka,Constituency_179,MP_Name_179,20687028,Rajya Sabha,Allocated Limit for Honble MPs_2024.csv,
Gujarat,Constituency_180,MP_Name_180,26688813,Rajya Sabha,Allocated Limit for Honble MPs_2024.csv,
Bihar,Constituency_181,MP_Name_181,31697142,Rajya Sabha,Allocated Limit for Honble MPs_2024.csv,
Rajasthan,Constituency_182,MP_Name_182,30543910,Rajya Sabha,Allocated Limit for Honble MPs_2024.csv,
Bihar,Constituency_183,MP_Name_183,22139625,Rajya Sabha,Allocated Limit for Honble MPs_2024.csv,
West Bengal,Constituency_184,MP_Name_184,41108363,Rajya Sabha,Allocated Limit for Honble MPs_2024.csv,
Rajasthan,Constituency_185,MP_Name_185,42095541,Rajya Sabha,Allocated Limit for Honble MPs_2024.csv,
Uttar Pradesh,Constituency_186,MP_Name_186,25876875,Rajya Sabha,Allocated Limit for Honble MPs_2024.csv,
Bihar,Constituency_187,MP_Name_187,32698902,Rajya Sabha,Allocated Limit for Honble MPs_2024.csv,
Gujarat,Constituency_188,MP_Name_188,35479232,Rajya Sabha,Allocated Limit for Honble MPs_2024.csv,
Tamil Nadu,Constituency_189,MP_Name_189,23349605,Rajya Sabha,Allocated Limit for Honble MPs_2024.csv,
Bihar,Constituency_190,MP_Name_190,42657325,Rajya Sabha,Allocated Limit for Honble MPs_2024.csv,
Bihar,Constituency_191,MP_Name_191,35621028,Rajya Sabha,Allocated Limit for Honble MPs_2024.csv,
Delhi,Constituency_192,MP_Name_192,47349217,Rajya Sabha,Allocated Limit for Honble MPs_2024.csv,
Karnataka,Constituency_193,MP_Name_193,34717398,Rajya Sabha,Allocated Limit for Honble MPs_2024.csv,
Rajasthan,Constituency_194,MP_Name_194,31314855,Rajya Sabha,Allocated Limit for Honble MPs_2024.csv,
Gujarat,Constituency_195,MP_Name_195,34112647,Rajya Sabha,Allocated Limit for Honble MPs_2024.csv,
Uttar Pradesh,Constituency_196,MP_Name_196,34693072,Rajya Sabha,Allocated Limit for Honble MPs_2024.csv,
Gujarat,Constituency_197,MP_Name_197,32877218,Rajya Sabha,Allocated Limit for Honble MPs_2024.csv,
Maharashtra,Constituency_198,MP_Name_198,42585365,Rajya Sabha,Allocated Limit for Honble MPs_2024.csv,
Bihar,Constituency_199,MP_Name_199,22386273,Rajya Sabha,Allocated Limit for Honble MPs_2024.csv,
Delhi,Constituency_200,MP_Name_200,26270003,Rajya Sabha,Allocated Limit for Honble MPs_2024.csv,
Maharashtra,Constituency_201,MP_Name_201,33167930,Rajya Sabha,Allocated Limit for Honble MPs_2024.csv,
Delhi,Constituency_202,MP_Name_202,26040817,Rajya Sabha,Allocated Limit for Honble MPs_2024.csv,
Madhya Pradesh,Constituency_203,MP_Name_203,36771605,Rajya Sabha,Allocated Limit for Honble MPs_2024.csv,
Delhi,Constituency_204,MP_Name_204,22149169,Rajya Sabha,Allocated Limit for Honble MPs_2024.csv,
Gujarat,Constituency_205,MP_Name_205,45879004,Rajya Sabha,Allocated Limit for Honble MPs_2024.csv,
Maharashtra,Constituency_206,MP_Name_206,26268153,Rajya Sabha,Allocated Limit for Honble MPs_2024.csv,
Rajasthan,Constituency_207,MP_Name_207,31505702,Rajya Sabha,Allocated Limit for Honble MPs_2024.csv,
Karnataka,Constituency_208,MP_Name_208,39753375,Rajya Sabha,Allocated Limit for Honble MPs_2024.csv,
Gujarat,Constituency_209,MP_Name_209,45020898,Rajya Sabha,Allocated Limit for Honble MPs_2024.csv,
Gujarat,Constituency_210,MP_Name_210,27961440,Rajya Sabha,Allocated Limit for Honble MPs_2024.csv,
Maharashtra,Constituency_211,MP_Name_211,23231496,Rajya Sabha,Allocated Limit for Honble MPs_2024.csv,
Bihar,Constituency_212,MP_Name_212,42746348,Rajya Sabha,Allocated Limit for Honble MPs_2024.csv,
Madhya Pradesh,Constituency_213,MP_Name_213,26624508,Rajya Sabha,Allocated Limit for Honble MPs_2024.csv,
Bihar,Constituency_214,MP_Name_214,49758313,Rajya Sabha,Allocated Limit for Honble MPs_2024.csv,
Uttar Pradesh,Constituency_215,MP_Name_215,20515549,Rajya Sabha,Allocated Limit for Honble MPs_2024.csv,
Bihar,Constituency_216,MP_Name_216,44648986,Rajya Sabha,Allocated Limit for Honble MPs_2024.csv,
Uttar Pradesh,Constituency_217,MP_Name_217,32883574,Rajya Sabha,Allocated Limit for Honble MPs_2024.csv,
Gujarat,Constituency_218,MP_Name_218,41859191,Rajya Sabha,Allocated Limit for Honble MPs_2024.csv,
West Bengal,Constituency_219,MP_Name_219,20591187,Rajya Sabha,Allocated Limit for Honble MPs_2024.csv,
Tamil Nadu,Constituency_220,MP_Name_220,21968494,Rajya Sabha,Allocated Limit for Honble MPs_2024.csv,
Maharashtra,Constituency_221,MP_Name_221,20974074,Rajya Sabha,Allocated Limit for Honble MPs_2024.csv,
Maharashtra,Constituency_222,MP_Name_222,35053697,Rajya Sabha,Allocated Limit for Honble MPs_2024.csv,
Madhya Pradesh,Constituency_223,MP_Name_223,29583136,Rajya Sabha,Allocated Limit for Honble MPs_2024.csv,
Uttar Pradesh,Constituency_224,MP_Name_224,39058080,Rajya Sabha,Allocated Limit for Honble MPs_2024.csv,
Gujarat,Constituency_225,MP_Name_225,21328676,Rajya Sabha,Allocated Limit for Honble MPs_2024.csv,
Rajasthan,Constituency_226,MP_Name_226,35694309,Rajya Sabha,Allocated Limit for Honble MPs_2024.csv,
West Bengal,Constituency_227,MP_Name_227,26459257,Rajya Sabha,Allocated Limit for Honble MPs_2024.csv,
Maharashtra,Constituency_228,MP_Name_228,29731216,Rajya Sabha,Allocated Limit for Honble MPs_2024.csv,
West Bengal,Constituency_229,MP_Name_229,20314962,Rajya Sabha,Allocated Limit for Honble MPs_2024.csv,
Delhi,Constituency_230,MP_Name_230,46881349,Rajya Sabha,Allocated Limit for Honble MPs_2024.csv,
Delhi,Constituency_231,MP_Name_231,41123939,Rajya Sabha,Allocated Limit for Honble MPs_2024.csv,
Tamil Nadu,Constituency_232,MP_Name_232,46107675,Rajya Sabha,Allocated Limit for Honble MPs_2024.csv,
Karnataka,Constituency_233,MP_Name_233,44546324,Rajya Sabha,Allocated Limit for Honble MPs_2024.csv,
Bihar,Constituency_234,MP_Name_234,49849858,Rajya Sabha,Allocated Limit for Honble MPs_2024.csv,
Madhya Pradesh,Constituency_235,MP_Name_235,30422287,Rajya Sabha,Allocated Limit for Honble MPs_2024.csv,
Bihar,Constituency_236,MP_Name_236,42673964,Rajya Sabha,Allocated Limit for Honble MPs_2024.csv,
West Bengal,Constituency_237,MP_Name_237,35591109,Rajya Sabha,Allocated Limit for Honble MPs_2024.csv,
Uttar Pradesh,Constituency_238,MP_Name_238,33901708,Rajya Sabha,Allocated Limit for Honble MPs_2024.csv,
Karnataka,Constituency_239,MP_Name_239,40849999,Rajya Sabha,Allocated Limit for Honble MPs_2024.csv,
Delhi,Constituency_240,MP_Name_240,40614001,Rajya Sabha,Allocated Limit for Honble MPs_2024.csv,
Madhya Pradesh,Constituency_241,MP_Name_241,47993828,Rajya Sabha,Allocated Limit for Honble MPs_2024.csv,
Maharashtra,Constituency_242,MP_Name_242,35678727,Rajya Sabha,Allocated Limit for Honble MPs_2024.csv,
Maharashtra,Constituency_243,MP_Name_243,43957773,Rajya Sabha,Allocated Limit for Honble MPs_2024.csv,
Bihar,Constituency_244,MP_Name_244,33506368,Rajya Sabha,Allocated Limit for Honble MPs_2024.csv,
Rajasthan,Constituency_245,MP_Name_245,41459295,Rajya Sabha,Allocated Limit for Honble MPs_2024.csv,
